date,open,close,high,low,volume,turnover,amount
2020-12-31,288.01,291.85,294.47,288.0,160038.3,0.0042,4661694400.0
2021-01-04,292.0,298.05,300.0,291.99,234278.22,0.0062,6977115200.0
2021-01-05,297.2,319.98,319.98,294.5,314606.33,0.0083,9802665800.0
2021-01-06,320.15,328.3,335.66,317.79,313430.33,0.0083,10211616800.0
2021-01-07,328.31,330.0,330.68,317.08,242559.48,0.0064,7882443100.000001
2021-01-08,330.06,317.0,331.6,308.94,378702.49,0.01,12096818600.000002
2021-01-11,316.43,301.2,316.5,299.5,381952.91,0.0101,11637052700.0
2021-01-12,298.95,310.0,311.3,298.0,230255.05,0.0060999999999999995,7067492700.0
2021-01-13,311.53,305.33,313.48,302.12,233653.02,0.0062,7164303600.0
2021-01-14,304.0,289.4,304.88,289.0,354895.54,0.009399999999999999,10426526400.0
2021-01-15,288.0,287.7,292.29,278.07,417132.51,0.011000000000000001,11843762800.0
2021-01-18,285.0,284.55,287.14,279.33,272558.64,0.0072,7724438100.000001
2021-01-19,287.0,281.5,290.0,280.0,293888.57,0.0077,8340023199.999999
2021-01-20,280.0,284.85,285.61,274.94,264040.34,0.006999999999999999,7448387700.0
2021-01-21,285.8,296.95,298.99,285.5,294023.9,0.0077,8608576900.0
2021-01-22,295.08,295.56,299.91,292.58,249466.75,0.0066,7369528900.0
2021-01-25,295.57,315.69,316.33,293.2,412909.4,0.0109,12821666900.0
2021-01-26,315.69,305.78,315.71,305.1,241435.01,0.0064,7458359000.0
2021-01-27,302.9,292.58,302.9,287.0,307938.47,0.008100000000000001,9033475500.0
2021-01-28,288.23,286.0,292.0,283.0,276077.57,0.0073,7911157500.0
2021-01-29,290.0,291.14,295.14,288.78,220109.14,0.0058,6431745100.0
2021-02-01,293.01,292.29,299.87,292.29,195759.92,0.0052,5790219700.0
2021-02-02,292.0,304.12,304.33,291.9,297492.4,0.0078000000000000005,8931329200.0
2021-02-03,303.8,308.75,309.0,301.12,224546.65,0.0059,6862660200.0
2021-02-04,306.0,313.6,316.8,305.01,280574.6,0.0074,8823191000.0
2021-02-05,314.01,319.76,330.0,314.0,328913.19,0.0087,10624157500.0
2021-02-08,324.0,320.0,330.5,313.8,266529.98,0.006999999999999999,8556525600.000001
2021-02-09,322.0,329.5,330.0,317.86,224779.8,0.0059,7323491300.0
2021-02-10,333.0,342.65,345.68,332.5,331931.63,0.0087,11318193500.0
2021-02-18,354.49,333.5,357.19,330.89,343815.08,0.0091,11828646600.0
2021-02-19,333.6,344.4,346.2,325.95,274750.02,0.0072,9295089500.0
2021-02-22,342.0,313.06,342.3,310.98,414582.2,0.0109,13367286800.0
2021-02-23,306.0,315.0,322.86,304.17,278668.32,0.0073,8795804300.0
2021-02-24,315.0,293.08,315.01,288.65,417248.17,0.011000000000000001,12424962100.0
2021-02-25,296.5,288.9,299.98,285.58,249046.49,0.0066,7274333600.0
2021-02-26,280.56,280.0,287.37,271.0,288970.86,0.0076,8100247700.0
2021-03-01,286.0,289.02,294.0,281.01,255063.27,0.0067,7352003900.0
2021-03-02,293.2,280.7,295.88,275.3,244124.65,0.0064,6955462400.0
2021-03-03,276.0,285.3,286.8,271.61,211717.11,0.005600000000000001,5951313500.0
2021-03-04,280.0,266.31,280.0,265.0,329358.86,0.0087,8896042100.0
2021-03-05,258.0,266.5,272.19,254.0,291650.4,0.0077,7727068300.0
2021-03-08,268.0,244.5,270.03,244.44,383653.77,0.0101,9779570300.0
2021-03-09,242.0,242.5,249.2,230.0,438745.77,0.0116,10599045800.0
2021-03-10,248.0,252.6,255.0,247.1,309582.3,0.008199999999999999,7776577800.0
2021-03-11,255.01,265.04,269.5,250.08,301530.94,0.0079,7909417100.0
2021-03-12,269.1,264.45,269.49,255.77,251437.85,0.0066,6596290200.0
2021-03-15,262.45,251.01,266.5,246.0,248997.34,0.0066,6320778600.0
2021-03-16,251.6,262.41,262.55,250.55,231656.05,0.0060999999999999995,5953026200.0
2021-03-17,261.5,264.31,268.03,255.0,198878.01,0.0052,5234840700.0
2021-03-18,265.0,270.39,275.0,265.0,201303.34,0.0053,5462748500.0
2021-03-19,263.0,260.79,265.0,257.67,197849.81,0.0052,5158274500.0
2021-03-22,260.95,259.5,263.59,254.71,142782.19,0.0038,3700615000.0
2021-03-23,259.5,262.25,263.98,256.98,126951.57,0.0033,3309793200.0
2021-03-24,259.09,260.8,269.0,258.62,179421.51,0.004699999999999999,4728182200.0
2021-03-25,256.94,255.98,257.89,252.0,186258.55,0.0049,4750886400.0
2021-03-26,258.0,265.95,267.18,255.82,230202.69,0.0060999999999999995,6054732200.0
2021-03-29,267.0,272.09,279.95,265.99,281994.81,0.0074,7712653700.0
2021-03-30,270.5,273.46,278.52,270.5,168707.79,0.0044,4624076100.0
2021-03-31,270.7,267.98,270.7,265.01,134111.04,0.0034999999999999996,3583946100.0
2021-04-01,270.0,273.08,273.89,267.01,121142.12,0.0032,3280567400.0
2021-04-02,277.01,284.56,285.0,275.0,229626.23,0.006,6443305000.0
2021-04-06,285.95,284.76,288.0,282.0,155508.45,0.0040999999999999995,4431624300.0
2021-04-07,283.01,270.85,283.65,268.8,244936.27,0.006500000000000001,6674234700.0
2021-04-08,265.0,273.08,274.85,264.06,162114.26,0.0043,4396674300.0
2021-04-09,271.0,265.3,272.5,265.0,146115.56,0.0038,3895892300.0
2021-04-12,265.2,260.99,267.36,260.0,133232.55,0.0034999999999999996,3495254800.0
2021-04-13,261.26,262.9,268.22,261.26,138757.29,0.0037,3670699699.9999995
2021-04-14,262.91,263.78,267.61,261.25,148177.52,0.0039000000000000003,3916715200.0
2021-04-15,261.31,255.8,262.99,249.32,285959.38,0.0075,7267459300.000001
2021-04-16,255.8,261.8,263.63,255.8,187543.02,0.0049,4877110700.0
2021-04-19,260.0,265.67,268.21,253.5,188155.79,0.005,4960854500.0
2021-04-20,265.0,267.75,273.79,263.01,199146.58,0.0052,5367602800.0
2021-04-21,265.0,270.85,272.97,263.58,159231.6,0.0042,4295280600.0
2021-04-22,270.9,271.19,274.0,269.0,116274.23,0.0031,3157592100.0
2021-04-23,272.25,280.0,281.0,272.25,207833.26,0.0055000000000000005,5769545900.0
2021-04-26,283.0,275.0,285.89,274.86,203903.7,0.0054,5710005200.0
2021-04-27,277.0,281.82,281.82,272.34,142314.52,0.0037,3950995500.0
2021-04-28,275.0,285.6,285.6,273.8,220278.59,0.0058,6211307900.0
2021-04-29,287.06,289.5,291.0,281.31,206936.02,0.0055000000000000005,5941444399.999999
2021-04-30,287.0,285.0,289.3,283.68,158030.59,0.0042,4521365000.0
2021-05-06,282.0,276.44,285.8,275.8,168660.57,0.0044,4713100400.0
2021-05-07,280.01,272.1,280.23,271.28,125007.53,0.0033,3441009099.9999995
2021-05-10,270.58,264.0,274.0,261.4,195248.24,0.0051,5183389700.0
2021-05-11,262.22,275.45,275.46,261.99,192326.36,0.0051,5208651100.0
2021-05-12,274.2,277.51,279.58,274.0,121063.44,0.0032,3356761400.0
2021-05-13,274.19,276.0,278.55,272.5,97079.22,0.0026,2670400800.0
2021-05-14,277.96,287.0,288.4,275.18,218084.51,0.005699999999999999,6208023600.0
2021-05-17,288.22,297.19,304.67,288.22,280614.95,0.0074,8373250500.0
2021-05-18,298.01,299.5,300.0,294.3,147286.92,0.0039000000000000003,4370179800.0
2021-05-19,298.0,302.79,309.1,296.03,167000.66,0.0044,5082549100.0
2021-05-20,304.7,303.51,307.98,301.56,140239.85,0.0037,4268328800.0
2021-05-21,305.0,296.6,305.69,295.06,172620.89,0.0045000000000000005,5161569600.0
2021-05-24,300.0,305.01,305.2,295.35,157088.94,0.0040999999999999995,4729942100.0
2021-05-25,306.0,323.03,323.06,304.92,323058.89,0.0085,10261281400.0
2021-05-26,320.5,319.0,324.01,316.0,190751.17,0.005,6100319100.0
2021-05-27,318.17,318.18,326.23,314.22,164363.12,0.0043,5251052200.0
2021-05-28,320.12,316.9,321.08,314.39,130245.03,0.0034000000000000002,4116488900.0
2021-05-31,315.3,315.12,315.62,309.32,177683.88,0.004699999999999999,5542253100.000001
2021-06-01,316.3,315.7,317.3,310.38,163875.74,0.0043,5152812400.0
2021-06-02,315.7,311.84,318.37,308.5,156532.08,0.0040999999999999995,4890684600.0
2021-06-03,311.84,313.61,320.0,310.18,179177.36,0.004699999999999999,5652744399.999999
2021-06-04,312.0,315.3,318.5,309.51,175287.7,0.0045000000000000005,5497026800.000001
2021-06-07,316.36,312.91,317.43,308.87,187370.19,0.0048,5843427400.0
2021-06-08,313.0,297.95,313.5,291.99,311652.84,0.008,9408595800.0
2021-06-09,297.0,296.5,300.0,291.55,171576.68,0.0044,5075839000.0
2021-06-10,297.01,303.05,305.5,295.5,150772.51,0.0039000000000000003,4565221100.0
2021-06-11,303.06,301.57,304.0,296.0,159127.82,0.0040999999999999995,4783871700.0
2021-06-15,301.52,299.26,304.05,292.77,145161.08,0.0037,4323376200.0
2021-06-16,299.26,292.32,299.26,289.22,140629.99,0.0036,4120477400.0
2021-06-17,291.11,294.22,298.0,291.11,109045.54,0.0028000000000000004,3213936400.0
2021-06-18,295.31,291.0,297.0,286.0,190715.78,0.0049,5539524500.0
2021-06-21,293.0,296.87,297.3,291.0,206028.03,0.0053,6063841800.000001
2021-06-22,298.0,299.89,302.5,297.3,161663.58,0.0042,4846385300.0
2021-06-23,299.3,290.94,299.5,290.0,230564.1,0.0059,6749757100.0
2021-06-24,288.5,292.7,295.0,284.18,165518.34,0.0043,4788276600.0
2021-06-25,291.05,299.92,301.38,290.88,205223.27,0.0053,6107081700.0
2021-06-28,300.01,306.31,306.53,300.01,161253.87,0.0042,4908850400.0
2021-06-29,306.48,298.55,306.64,296.68,156720.26,0.004,4707055400.0
2021-06-30,296.0,297.89,302.4,295.49,103395.09,0.0027,3090106599.9999995
2021-07-01,296.75,298.2,299.0,292.0,136310.42,0.0034999999999999996,4012429300.0
2021-07-02,294.0,286.03,294.69,285.2,211691.6,0.0055000000000000005,6104707000.0
2021-07-05,284.17,281.1,288.5,280.02,180542.56,0.004699999999999999,5106360200.0
2021-07-06,279.85,277.25,281.03,270.22,238954.51,0.0062,6571285900.0
2021-07-07,280.0,284.59,285.0,278.88,174543.67,0.0045000000000000005,4936536500.0
2021-07-08,285.0,269.84,285.79,267.62,439575.67,0.0113,12010041299.999998
2021-07-09,269.45,267.28,270.58,262.0,213674.47,0.0055000000000000005,5702882100.0
2021-07-12,270.0,270.95,272.96,262.69,264246.69,0.0068000000000000005,7111433600.0
2021-07-13,270.97,276.0,279.34,270.97,218997.48,0.005600000000000001,6044746600.0
2021-07-14,273.9,275.3,277.0,268.0,209218.3,0.0054,5710321400.0
2021-07-15,275.0,280.83,281.2,272.71,195494.71,0.005,5443652600.0
2021-07-16,280.85,277.52,283.36,277.0,151513.98,0.0039000000000000003,4230603100.0
2021-07-19,275.8,280.89,282.5,274.49,143319.86,0.0037,3994088400.0000005
2021-07-20,279.0,282.3,284.21,277.77,130092.23,0.0034000000000000002,3669251200.0
2021-07-21,282.29,281.22,285.97,280.01,149605.1,0.0039000000000000003,4226787199.9999995
2021-07-22,282.51,280.1,284.66,278.65,143103.78,0.0037,4028250700.0
2021-07-23,278.86,271.21,279.0,268.12,212303.52,0.0055000000000000005,5760869100.0
2021-07-26,268.66,249.54,268.66,244.09,462131.23,0.011899999999999999,11693393500.0
2021-07-27,247.0,231.15,248.8,231.0,423313.05,0.0109,10158683400.0
2021-07-28,231.18,236.68,237.9,224.89,361142.9,0.009300000000000001,8397862000.0
2021-07-29,245.44,235.05,245.79,233.68,313221.53,0.008100000000000001,7483908400.0
2021-07-30,235.06,220.75,235.06,216.84,427979.29,0.011000000000000001,9495555500.0
2021-08-02,215.37,234.45,234.9,212.15,468444.4,0.0121,10454507700.0
2021-08-03,229.1,240.05,240.66,227.7,341719.33,0.0088,8061076899.999999
2021-08-04,237.0,234.5,238.89,233.0,230289.51,0.0059,5412225800.0
2021-08-05,229.0,227.17,236.0,225.5,285510.69,0.0074,6538505699.999999
2021-08-06,225.0,226.0,227.9,221.25,191529.22,0.0049,4306125500.0
2021-08-09,224.0,230.01,236.68,222.0,264929.24,0.0068000000000000005,6099681500.0
2021-08-10,231.26,248.9,250.0,227.38,460837.46,0.011899999999999999,11083250900.0
2021-08-11,245.97,246.2,251.12,241.97,253075.47,0.006500000000000001,6234986600.0
2021-08-12,245.0,237.92,248.6,237.15,237149.46,0.0060999999999999995,5718033000.0
2021-08-13,237.0,240.8,243.0,236.0,160031.4,0.0040999999999999995,3832138000.0
2021-08-16,240.0,240.7,244.37,238.4,133173.13,0.0034000000000000002,3210893100.0
2021-08-17,239.41,229.95,242.0,229.78,218730.39,0.005600000000000001,5137552300.0
2021-08-18,228.0,229.0,232.5,223.9,212644.88,0.0055000000000000005,4858678300.0
2021-08-19,228.9,222.65,231.29,222.0,289689.42,0.0075,6520859200.0
2021-08-20,211.52,206.38,216.68,205.39,534004.35,0.0138,11218172700.0
2021-08-23,206.39,206.04,211.77,204.9,418363.73,0.0108,8684039400.0
2021-08-24,208.0,210.0,212.65,204.0,411903.75,0.0106,8606900900.0
2021-08-25,210.88,217.5,218.93,210.66,381798.85,0.0098,8242448400.0
2021-08-26,217.37,207.17,217.37,206.0,332282.74,0.0086,6953022900.0
2021-08-27,207.16,205.68,210.0,204.5,271909.67,0.006999999999999999,5618956600.0
2021-08-30,208.5,207.0,209.99,199.46,347329.35,0.0089,7094644700.0
2021-08-31,206.5,201.69,208.0,199.4,318551.68,0.008199999999999999,6427633900.0
2021-09-01,201.7,207.71,211.06,197.0,503643.02,0.013000000000000001,10338242700.0
2021-09-02,207.94,201.23,208.1,200.2,374601.64,0.0097,7590159000.0
2021-09-03,199.8,205.89,206.55,196.77,344795.28,0.0089,6994069700.0
2021-09-06,204.5,211.46,215.3,202.55,440709.83,0.011399999999999999,9315590600.0
2021-09-07,210.5,211.97,214.12,209.06,259374.44,0.0067,5483883900.0
2021-09-08,212.0,207.72,212.71,206.0,215536.77,0.005600000000000001,4498947500.0
2021-09-09,207.73,207.33,209.21,205.0,177575.31,0.0046,3672150000.0
2021-09-10,207.33,213.7,214.4,206.5,318834.73,0.008199999999999999,6744385300.0
2021-09-13,212.0,207.79,214.7,206.99,263428.26,0.0068000000000000005,5526542000.0
2021-09-14,207.72,205.73,209.81,205.24,235967.42,0.0060999999999999995,4881373800.0
2021-09-15,203.0,198.5,204.55,196.7,382035.77,0.0098,7625717400.0
2021-09-16,196.0,197.0,199.58,192.43,335387.04,0.0086,6590288000.0
2021-09-17,196.0,201.95,205.0,194.07,294397.02,0.0076,5901688600.0
2021-09-22,197.0,193.93,198.5,193.45,249089.81,0.0064,4852441700.0
2021-09-23,194.82,194.42,196.88,192.64,188112.96,0.0048,3661753000.0
2021-09-24,193.9,200.52,204.0,193.06,350539.97,0.009000000000000001,7023121300.0
2021-09-27,207.62,220.57,220.57,207.62,760065.57,0.0196,16521941299.999998
2021-09-28,220.32,216.94,222.6,214.0,411458.63,0.0106,8943981600.0
2021-09-29,216.89,218.68,221.23,212.7,311366.8,0.008,6769523800.0
2021-09-30,217.0,219.39,223.29,217.0,331905.68,0.0086,7321693500.0
2021-10-08,220.6,228.22,235.98,217.6,416278.65,0.010700000000000001,9498183600.0
2021-10-11,229.44,227.8,235.23,225.49,261465.75,0.0067,5990774000.0
2021-10-12,227.0,229.34,230.0,223.01,203423.73,0.0052,4632611200.0
2021-10-13,228.37,239.49,244.6,227.2,347774.22,0.009000000000000001,8246438700.0
2021-10-14,238.0,240.0,244.68,236.16,240589.6,0.0062,5770465400.0
2021-10-15,235.8,234.32,237.88,230.01,302157.86,0.0078000000000000005,7060878500.0
2021-10-18,224.95,215.32,224.95,212.5,522286.55,0.013500000000000002,11335046100.000002
2021-10-19,213.0,218.97,220.88,213.0,271519.71,0.006999999999999999,5912575900.0
2021-10-20,220.5,219.94,222.2,216.88,171712.31,0.0044,3767655100.0
2021-10-21,221.0,220.99,222.95,219.0,157813.85,0.0040999999999999995,3483824000.0
2021-10-22,222.7,225.03,228.92,221.01,226148.68,0.0058,5094183400.0
2021-10-25,223.0,220.36,224.89,218.0,248159.64,0.0064,5460700000.0
2021-10-26,220.36,220.66,223.0,218.0,171975.32,0.0044,3792558300.0
2021-10-27,219.01,216.0,220.66,214.0,200484.93,0.0052,4335703400.0
2021-10-28,217.0,215.29,219.98,213.78,219253.24,0.005600000000000001,4755135700.0
2021-10-29,215.27,216.51,221.53,215.08,236335.32,0.0060999999999999995,5148687300.0
2021-11-01,200.0,204.94,209.52,196.9,580036.53,0.0149,11775758000.0
2021-11-02,203.98,201.32,205.9,199.65,349334.47,0.009000000000000001,7067034600.0
2021-11-03,201.52,199.13,202.5,198.68,218919.68,0.005600000000000001,4378799400.0
2021-11-04,201.09,206.82,207.86,200.3,298641.62,0.0077,6104737400.0
2021-11-05,206.82,210.31,214.7,206.81,301429.97,0.0078000000000000005,6372245200.0
2021-11-08,210.0,210.99,212.41,207.76,156373.86,0.004,3290544400.0
2021-11-09,209.68,208.77,212.68,207.55,155039.34,0.004,3250092199.9999995
2021-11-10,208.77,205.7,209.88,203.2,172002.67,0.0044,3532443300.0
2021-11-11,205.66,206.51,207.0,203.58,166520.85,0.0043,3416388400.0000005
2021-11-12,207.37,203.85,207.67,203.11,157885.12,0.0040999999999999995,3227721100.0
2021-11-15,204.99,204.7,207.5,203.11,207244.8,0.0053,4251527100.0
2021-11-16,205.89,212.0,213.45,205.11,314356.75,0.008100000000000001,6618521500.0
2021-11-17,211.05,211.51,213.0,209.0,174214.6,0.0045000000000000005,3668952600.0
2021-11-18,209.99,208.62,210.98,207.55,132202.62,0.0034000000000000002,2759820100.0
2021-11-19,207.88,212.6,216.5,207.4,242929.59,0.0063,5188161600.0
2021-11-22,214.0,215.97,222.0,213.0,319782.76,0.008199999999999999,6972004800.0
2021-11-23,214.99,214.8,218.5,213.36,193866.37,0.005,4190535800.0
2021-11-24,218.0,224.42,227.98,218.0,476278.47,0.0123,10627879600.0
2021-11-25,228.0,222.95,229.15,222.17,284628.27,0.0073,6397889399.999999
2021-11-26,222.86,222.86,223.58,219.08,162472.95,0.0042,3602490700.0
2021-11-29,220.5,224.73,225.0,220.25,192364.11,0.005,4292901400.0
2021-11-30,224.98,218.0,225.5,218.0,230145.98,0.0059,5063790500.0
2021-12-01,223.02,220.56,224.84,218.11,192486.21,0.005,4256219000.0
2021-12-02,220.6,222.75,223.9,219.31,175309.74,0.0045000000000000005,3898019500.0
2021-12-03,223.5,229.45,232.8,223.3,340300.29,0.0088,7800955300.0
2021-12-06,231.0,232.3,235.0,229.0,288786.69,0.0074,6720204500.0
2021-12-07,235.0,234.0,239.65,233.15,308904.37,0.008,7293861899.999999
2021-12-08,234.01,244.0,244.51,231.28,397868.91,0.0103,9593919600.0
2021-12-09,245.0,251.0,254.96,242.68,472970.11,0.012199999999999999,11826016100.000002
2021-12-10,248.72,247.0,250.9,244.5,332274.96,0.0086,8208024500.0
2021-12-13,252.0,249.98,257.21,249.0,355350.37,0.0092,9000318800.0
2021-12-14,249.0,250.0,253.0,246.21,225573.52,0.0058,5643907700.0
2021-12-15,248.1,243.8,248.91,243.0,263567.82,0.0068000000000000005,6461313800.0
2021-12-16,244.3,243.5,245.1,237.05,289712.3,0.0075,6971022400.0
2021-12-17,242.0,235.16,242.0,234.86,254834.52,0.0066,6040427100.0
2021-12-20,235.16,236.0,239.47,235.16,188827.4,0.0049,4471963200.0
2021-12-21,236.0,231.65,237.5,229.0,234542.47,0.006,5446651899.999999
2021-12-22,232.5,232.12,233.5,230.49,151998.08,0.0039000000000000003,3524368500.0
2021-12-23,233.33,237.01,239.46,229.0,282051.16,0.0073,6610688700.0
2021-12-24,237.11,241.94,245.31,237.11,289429.25,0.0075,7012988300.0
2021-12-27,238.9,236.21,239.5,233.0,184053.68,0.004699999999999999,4343284700.0
2021-12-28,236.3,237.58,239.58,235.5,143682.16,0.0037,3406736900.0
2021-12-29,237.58,225.7,237.58,224.1,349758.96,0.009000000000000001,7998865000.0
2021-12-30,225.07,225.5,227.5,223.51,264768.73,0.0068000000000000005,5963128800.0
2021-12-31,225.51,222.66,225.8,220.61,240436.67,0.0062,5340438199.999999
2022-01-04,222.66,223.56,223.88,218.08,201786.73,0.0052,4460248100.0
2022-01-05,222.82,223.75,227.28,221.03,205622.09,0.0053,4608528400.0
2022-01-06,223.32,219.48,226.0,218.14,197643.47,0.0051,4366330600.0
2022-01-07,219.47,217.66,220.5,216.52,168682.39,0.0043,3671458300.0
2022-01-10,215.74,214.96,217.63,210.12,208423.13,0.0054,4477043200.0
2022-01-11,214.5,213.36,216.35,213.05,131623.34,0.0034000000000000002,2819944200.0
2022-01-12,215.01,217.92,218.09,214.22,178942.72,0.0046,3865370500.0
2022-01-13,219.0,208.9,219.04,208.0,267623.34,0.0069,5678771200.0
2022-01-14,207.01,207.2,210.34,206.5,136467.59,0.0034999999999999996,2844403700.0
2022-01-17,206.78,208.84,209.0,203.5,169362.24,0.0044,3497443800.0
2022-01-18,208.8,211.49,213.98,206.31,184748.75,0.0048,3904185700.0
2022-01-19,214.33,210.8,214.33,208.28,144018.64,0.0037,3039014300.0
2022-01-20,210.8,213.22,214.0,208.35,194685.61,0.005,4146262199.9999995
2022-01-21,213.0,217.26,218.72,211.22,239746.61,0.0062,5195067300.0
2022-01-24,216.0,215.07,217.93,213.2,138008.57,0.0036,2968569099.9999995
2022-01-25,213.55,208.36,215.0,208.0,155582.09,0.004,3284058700.0
2022-01-26,208.1,206.05,211.76,202.23,215095.39,0.0055000000000000005,4439752200.0
2022-01-27,207.0,203.4,211.26,203.17,209923.25,0.0054,4339832700.0
2022-01-28,203.99,198.38,205.3,198.0,257814.84,0.0066,5160817200.0
2022-02-07,200.0,195.62,202.86,194.68,248080.23,0.0064,4899710400.0
2022-02-08,195.65,190.0,196.33,184.9,304516.87,0.0078000000000000005,5740104600.0
2022-02-09,189.0,195.98,196.3,189.0,237420.57,0.0060999999999999995,4585366300.0
2022-02-10,195.98,193.04,196.5,191.11,168742.56,0.0043,3254038400.0000005
2022-02-11,192.5,194.27,198.63,191.35,273749.28,0.0070999999999999995,5365712700.0
2022-02-14,192.0,198.01,199.2,191.5,190316.49,0.0049,3747901300.0
2022-02-15,198.8,199.8,200.36,196.8,177390.48,0.0046,3537513900.0
2022-02-16,199.82,199.41,200.63,197.96,119085.41,0.0031,2375601900.0
2022-02-17,199.88,197.44,200.16,196.82,130546.43,0.0034000000000000002,2583633400.0
2022-02-18,197.0,199.0,199.38,195.45,116143.65,0.003,2297554300.0
2022-02-21,199.71,199.2,203.96,197.8,151925.67,0.0039000000000000003,3044972500.0
2022-02-22,197.81,193.4,197.93,191.85,193677.33,0.005,3749346900.0
2022-02-23,193.27,196.2,196.58,192.03,147973.43,0.0038,2875772199.9999995
2022-02-24,194.0,188.69,195.0,187.3,259609.87,0.0067,4940978900.0
2022-02-25,189.99,190.48,192.97,189.99,136663.74,0.0034999999999999996,2611874600.0
2022-02-28,191.0,190.0,191.5,187.0,143092.81,0.0037,2700046300.0
2022-03-01,190.1,193.19,193.89,190.06,200285.21,0.0052,3853590500.0
2022-03-02,191.3,189.2,191.41,188.4,150164.88,0.0039000000000000003,2841554800.0
2022-03-03,189.77,182.07,190.2,182.0,312889.3,0.008100000000000001,5775912600.0
2022-03-04,179.98,176.37,181.39,175.88,312929.74,0.008100000000000001,5577557100.0
2022-03-07,174.25,166.0,174.25,165.25,477389.12,0.0123,8036888500.0
2022-03-08,169.99,166.25,171.5,165.27,333507.17,0.0086,5611790699.999999
2022-03-09,167.0,162.88,167.73,156.8,399218.92,0.0103,6488949500.0
2022-03-10,167.99,172.15,172.24,165.99,417739.72,0.0108,7087219600.0
2022-03-11,169.0,171.77,172.55,167.23,257971.1,0.0066,4378229000.0
2022-03-14,168.99,166.27,169.59,166.27,181403.03,0.004699999999999999,3043660700.0
2022-03-15,163.0,157.15,164.78,156.7,312945.32,0.008100000000000001,5020399500.0
2022-03-16,163.0,164.8,165.55,155.14,348999.69,0.009000000000000001,5622615400.0
2022-03-17,168.5,168.24,171.86,166.0,348291.53,0.009000000000000001,5869489600.0
2022-03-18,167.0,167.9,169.08,165.0,185857.04,0.0048,3107945100.0
2022-03-21,169.75,165.71,169.78,165.01,171054.36,0.0044,2842223400.0000005
2022-03-22,165.7,164.3,167.3,164.0,122905.08,0.0032,2029492700.0
2022-03-23,164.32,165.94,167.29,162.74,184638.77,0.0048,3049956300.0
2022-03-24,164.4,161.36,164.4,160.68,198086.05,0.0051,3207819900.0
2022-03-25,163.55,157.19,163.58,156.68,213641.1,0.0055000000000000005,3393360100.0
2022-03-28,154.3,151.2,154.3,150.5,274466.34,0.0070999999999999995,4167231500.0
2022-03-29,150.99,149.18,153.77,149.11,235211.3,0.0060999999999999995,3552871400.0
2022-03-30,152.97,156.95,156.95,151.16,323672.69,0.0083,4993851900.0
2022-03-31,156.0,155.06,156.6,154.5,201366.48,0.0052,3126382300.0
2022-04-01,155.0,159.9,162.23,154.45,287495.0,0.0074,4581621800.0
2022-04-06,158.0,160.01,162.26,157.5,179443.0,0.0046,2866078000.0
2022-04-07,159.0,160.45,163.89,158.53,185572.0,0.0048,2996915200.0
2022-04-08,161.0,160.59,162.77,159.5,165446.0,0.0043,2661592700.0
2022-04-11,158.01,153.66,158.68,152.85,242577.0,0.0062,3752028000.0
2022-04-12,154.26,163.88,164.69,154.26,334164.0,0.0086,5333900900.0
2022-04-13,162.8,162.32,165.0,160.63,238855.0,0.0062,3897075000.0
2022-04-14,163.9,171.57,173.0,162.93,431191.0,0.0111,7300575100.0
2022-04-15,170.0,169.9,174.0,168.6,226440.0,0.0058,3871918100.0
2022-04-18,168.9,167.18,168.9,164.21,184111.0,0.004699999999999999,3062760000.0
2022-04-19,168.0,165.0,170.0,164.04,164993.0,0.0043,2740121599.9999995
2022-04-20,165.49,165.9,169.0,161.64,206341.0,0.0053,3422121000.0
2022-04-21,164.0,162.58,166.53,161.68,171229.0,0.0044,2807078100.0
2022-04-22,162.57,165.43,166.18,158.98,200144.0,0.0052,3268498100.0
2022-04-25,162.0,155.0,162.62,154.5,286351.0,0.0074,4556272600.0
2022-04-26,155.0,158.5,161.81,154.54,254539.0,0.0066,4045539300.0
2022-04-27,158.5,161.39,163.41,158.5,239278.0,0.0062,3849331200.0
2022-04-28,161.4,165.85,166.66,160.55,257120.0,0.0066,4235742300.0
2022-04-29,166.3,162.13,167.3,158.86,448743.0,0.0116,7241581100.0
2022-05-05,160.0,161.54,164.46,159.15,244802.0,0.0063,3973322600.0
2022-05-06,158.03,157.06,159.66,156.51,190861.0,0.0049,3007833200.0
2022-05-09,155.01,154.78,156.5,152.33,186236.0,0.0048,2874663800.0
2022-05-10,151.0,155.33,156.5,149.6,201080.0,0.0052,3092729200.0
2022-05-11,155.33,157.51,159.65,155.0,243902.0,0.0063,3846228700.0
2022-05-12,156.2,158.08,159.68,156.1,170686.0,0.0044,2699983200.0
2022-05-13,159.6,156.94,159.87,156.05,152556.0,0.0039000000000000003,2401106200.0
2022-05-16,158.97,155.18,158.98,154.2,177651.0,0.0046,2767778400.0000005
2022-05-17,155.17,156.15,156.49,154.64,133412.0,0.0034000000000000002,2078095600.0
2022-05-18,156.35,154.58,156.49,153.45,165605.0,0.0043,2560375200.0
2022-05-19,152.87,153.52,153.6,152.22,148783.0,0.0038,2273068200.0
2022-05-20,154.3,162.47,162.98,153.69,452297.0,0.011699999999999999,7222107600.0
2022-05-23,161.61,159.43,162.18,158.0,276453.0,0.0070999999999999995,4410754700.0
2022-05-24,160.43,156.57,161.0,156.28,188552.0,0.0049,2974172500.0
2022-05-25,156.45,157.45,158.56,155.0,163957.0,0.0042,2565768000.0
2022-05-26,157.0,157.22,159.7,155.0,194318.0,0.005,3043721200.0
2022-05-27,159.65,157.95,161.5,157.29,210683.0,0.0054,3356383600.0
2022-05-30,160.01,166.18,167.75,160.0,510932.0,0.0132,8416468100.000001
2022-05-31,166.0,171.4,172.82,165.02,486545.0,0.0125,8293724700.0
2022-06-01,172.99,170.41,173.3,169.03,219302.0,0.005600000000000001,3739434400.0
2022-06-02,169.03,169.75,171.0,168.68,165224.0,0.0043,2801365500.0
2022-06-06,170.5,172.94,173.49,166.58,278142.0,0.0072,4762415100.0
2022-06-07,173.1,174.12,178.4,172.0,295077.0,0.0076,5177758400.0
2022-06-08,174.3,178.13,179.99,173.02,325279.0,0.0084,5770812800.0
2022-06-09,178.36,176.01,179.9,175.79,207839.0,0.0054,3688662199.9999995
2022-06-10,175.03,177.42,178.5,173.5,215630.0,0.005600000000000001,3804237600.0
2022-06-13,175.19,172.51,176.4,171.1,264346.0,0.0068000000000000005,4580799600.0
2022-06-14,170.2,173.8,174.0,169.65,197333.0,0.0051,3385240800.0
2022-06-15,173.82,177.28,179.9,171.79,325441.0,0.0084,5743255100.0
2022-06-16,178.0,177.6,181.0,177.0,205006.0,0.0053,3668452199.9999995
2022-06-17,176.5,181.18,181.18,176.5,286204.0,0.0074,5145018800.0
2022-06-20,182.76,183.49,187.0,179.0,311954.0,0.008,5705313100.000001
2022-06-21,182.66,181.66,185.5,180.45,218116.0,0.005600000000000001,3990195900.0000005
2022-06-22,182.0,178.07,182.88,177.75,223528.0,0.0058,4006768500.0
2022-06-23,178.1,180.4,180.9,177.79,159725.0,0.0040999999999999995,2867621400.0
2022-06-24,181.5,185.0,185.51,179.91,245187.0,0.0063,4504178700.0
2022-06-27,187.0,193.0,195.68,187.0,366375.0,0.009399999999999999,7058190200.0
2022-06-28,193.0,199.65,199.87,191.2,316786.0,0.008199999999999999,6232395100.0
2022-06-29,196.99,192.0,197.14,190.5,289971.0,0.0075,5625269600.0
2022-06-30,192.18,201.93,205.0,192.18,425215.0,0.011000000000000001,8521483500.0
2022-07-01,202.08,203.0,205.0,198.0,219366.0,0.005699999999999999,4418343900.0
2022-07-04,200.99,201.04,202.8,198.2,225876.0,0.0058,4525333800.0
2022-07-05,201.65,198.61,202.66,196.26,262965.0,0.0068000000000000005,5224558300.0
2022-07-06,198.12,194.74,199.62,193.35,227633.0,0.0059,4459016800.0
2022-07-07,194.74,191.59,194.74,188.47,266771.0,0.0069,5095578600.0
2022-07-08,193.35,192.7,194.8,190.96,164097.0,0.0042,3167643700.0
2022-07-11,190.02,189.38,190.8,186.0,192575.0,0.005,3621672900.0
2022-07-12,188.78,190.0,192.74,187.54,169935.0,0.0044,3229606700.0
2022-07-13,189.57,193.1,194.78,187.61,189919.0,0.0049,3656106400.0
2022-07-14,191.17,190.13,193.56,189.05,151079.0,0.0039000000000000003,2880607600.0
2022-07-15,190.15,189.9,195.51,188.0,207209.0,0.0053,3979169099.9999995
2022-07-18,189.63,187.33,189.8,184.2,178034.0,0.0046,3320023900.0
2022-07-19,187.0,188.9,189.65,186.5,120214.0,0.0031,2259044900.0
2022-07-20,190.8,189.11,191.5,188.0,112498.0,0.0029,2134516099.9999998
2022-07-21,188.99,186.7,189.9,186.58,110728.0,0.0029,2082697400.0
2022-07-22,187.5,185.91,188.5,185.0,116986.0,0.003,2180798000.0
2022-07-25,186.85,188.08,188.5,184.75,124799.0,0.0032,2336297100.0
2022-07-26,188.86,190.99,192.0,188.68,137474.0,0.0034999999999999996,2627310500.0
2022-07-27,190.05,188.1,191.01,187.56,97491.0,0.0025,1844277600.0
2022-07-28,188.45,187.12,190.5,186.85,92609.0,0.0024,1744687600.0
2022-07-29,186.49,178.4,186.49,177.8,340311.0,0.0088,6166191200.0
2022-08-01,178.5,178.58,179.99,176.82,156082.0,0.004,2791638700.0
2022-08-02,176.9,175.66,178.66,173.08,176738.0,0.0046,3114640800.0
2022-08-03,175.88,174.59,179.5,174.3,154031.0,0.004,2710918100.0
2022-08-04,174.6,176.78,177.49,174.45,133686.0,0.0034000000000000002,2350151200.0
2022-08-05,177.45,179.18,179.5,176.21,127017.0,0.0033,2260873400.0
2022-08-08,178.3,177.91,181.53,177.5,130251.0,0.0034000000000000002,2331931600.0
2022-08-09,177.05,176.98,178.0,176.22,85386.0,0.0022,1511033100.0
2022-08-10,175.58,174.0,177.5,173.0,143549.0,0.0037,2503385100.0
2022-08-11,174.99,177.91,177.91,174.55,139671.0,0.0036,2468539700.0
2022-08-12,178.3,178.7,179.66,176.71,108619.0,0.0028000000000000004,1936659400.0
2022-08-15,177.63,176.0,179.6,175.7,138440.0,0.0036,2446911700.0
2022-08-16,175.97,175.23,177.3,174.7,109975.0,0.0028000000000000004,1929236400.0000002
2022-08-17,175.31,176.2,176.97,174.02,122116.0,0.0031,2144649800.0
2022-08-18,175.0,173.43,175.2,172.01,179552.0,0.0046,3110937600.0
2022-08-19,172.5,173.66,175.15,172.0,126038.0,0.0032,2189742300.0
2022-08-22,172.3,171.5,173.45,170.26,155130.0,0.004,2663565100.0
2022-08-23,171.7,168.0,172.29,167.5,229248.0,0.0059,3868689000.0
2022-08-24,167.96,167.24,169.5,166.0,180255.0,0.0046,3021329699.9999995
2022-08-25,167.89,169.41,169.98,167.23,174854.0,0.0045000000000000005,2949656300.0
2022-08-26,171.88,170.1,173.8,169.56,243787.0,0.0063,4181288100.0
2022-08-29,167.44,165.35,169.55,165.0,254306.0,0.0066,4218793400.0000005
2022-08-30,164.0,164.03,164.76,162.19,186433.0,0.0048,3046737199.9999995
2022-08-31,162.9,167.19,167.98,162.5,267333.0,0.0069,4444754500.0
2022-09-01,166.0,163.56,166.0,163.3,158442.0,0.0040999999999999995,2607493600.0
2022-09-02,164.49,161.84,164.49,161.01,155924.0,0.004,2524463000.0
2022-09-05,160.0,159.02,160.35,157.07,224320.0,0.0058,3551118300.0
2022-09-06,159.02,160.53,161.35,158.27,146938.0,0.0038,2346001100.0
2022-09-07,160.0,158.94,160.01,158.0,141508.0,0.0036,2245681600.0
2022-09-08,160.01,159.07,161.35,158.88,148672.0,0.0038,2377952600.0
2022-09-09,159.11,161.46,161.65,158.36,203188.0,0.0052,3269738000.0
2022-09-13,163.88,163.63,164.97,161.7,224554.0,0.0058,3676000800.0
2022-09-14,162.0,162.4,163.23,160.98,143438.0,0.0037,2325532900.0
2022-09-15,162.67,164.4,166.5,162.1,244932.0,0.0063,4041538800.0
2022-09-16,164.0,161.08,164.79,160.78,178052.0,0.0046,2882822700.0
2022-09-19,160.75,163.02,165.13,159.52,172371.0,0.0044,2810087000.0
2022-09-20,164.0,165.79,165.96,162.17,184881.0,0.0048,3048376400.0
2022-09-21,165.19,163.45,165.77,163.3,127648.0,0.0033,2093973100.0
2022-09-22,162.0,158.9,162.29,158.55,182114.0,0.004699999999999999,2916788900.0
2022-09-23,158.0,159.13,160.62,157.9,120259.0,0.0031,1916778400.0
2022-09-26,158.0,162.11,163.99,157.77,210416.0,0.0054,3411760400.0
2022-09-27,163.93,170.83,171.4,161.99,354440.0,0.0091,5929460400.0
2022-09-28,170.55,169.6,172.54,169.5,244311.0,0.0063,4176068000.0
2022-09-29,172.49,168.51,172.52,167.55,175647.0,0.0045000000000000005,2971843100.0
2022-09-30,169.89,169.23,172.0,168.86,167010.0,0.0043,2843915500.0
2022-10-10,169.5,158.9,170.1,158.69,256509.0,0.0066,4179453300.0
2022-10-11,158.91,158.59,160.01,154.9,163898.0,0.0042,2587296300.0
2022-10-12,158.3,156.6,158.3,152.0,242385.0,0.0062,3740666500.0
2022-10-13,154.99,153.57,155.68,152.51,191401.0,0.0049,2950015900.0000005
2022-10-14,154.58,159.12,160.3,154.57,228723.0,0.0059,3619001300.0
2022-10-17,157.68,157.65,158.5,155.29,146701.0,0.0038,2301214700.0
2022-10-18,158.68,158.7,160.98,158.02,139689.0,0.0036,2225727900.0
2022-10-19,158.51,154.5,158.51,154.0,173929.0,0.0045000000000000005,2703461200.0
2022-10-20,152.5,154.15,156.8,152.0,161200.0,0.0042,2484510800.0
2022-10-21,154.0,152.15,154.13,151.5,163210.0,0.0042,2488390100.0
2022-10-24,150.01,143.23,150.41,142.25,344039.0,0.0089,5003671200.0
2022-10-25,140.75,142.12,145.27,140.51,209630.0,0.0054,2986369200.0
2022-10-26,142.9,143.4,145.9,142.0,179593.0,0.0046,2580590700.0
2022-10-27,144.98,137.1,145.07,136.58,369655.0,0.0095,5154613000.0
2022-10-28,137.56,137.5,139.97,136.17,255862.0,0.0066,3534562700.0
2022-10-31,135.2,133.5,136.4,132.33,225917.0,0.0058,3030064400.0
2022-11-01,135.55,142.58,142.58,133.41,391551.0,0.0101,5440180000.0
2022-11-02,142.0,143.62,146.38,140.06,318674.0,0.008199999999999999,4565035300.0
2022-11-03,141.01,140.92,141.5,139.71,192819.0,0.005,2710951400.0
2022-11-04,140.5,150.0,152.0,140.35,478983.0,0.0123,7099561000.0
2022-11-07,149.0,151.14,152.7,147.68,228691.0,0.0059,3435765600.0
2022-11-08,151.01,147.49,152.27,146.11,235678.0,0.0060999999999999995,3491479600.0
2022-11-09,147.2,145.4,149.05,145.08,151242.0,0.0039000000000000003,2208052600.0
2022-11-10,144.49,145.76,146.56,143.71,176748.0,0.0046,2568169900.0
2022-11-11,151.49,150.02,151.5,146.54,368534.0,0.0095,5514689600.0
2022-11-14,151.0,150.3,155.41,149.9,281953.0,0.0073,4287401000.0
2022-11-15,150.3,154.15,155.0,148.42,276567.0,0.0070999999999999995,4223081900.0
2022-11-16,154.15,154.21,156.5,153.08,182594.0,0.004699999999999999,2827414099.9999995
2022-11-17,153.5,152.6,155.79,151.0,165581.0,0.0043,2529048900.0
2022-11-18,153.0,153.61,155.3,152.71,145856.0,0.0038,2246335600.0
2022-11-21,150.5,148.93,150.97,148.0,217625.0,0.005600000000000001,3243861000.0
2022-11-22,148.92,150.23,152.9,148.81,143770.0,0.0037,2162414700.0
2022-11-23,150.23,149.77,151.5,148.9,113462.0,0.0029,1702094200.0000002
2022-11-24,151.0,147.81,151.49,147.0,150858.0,0.0039000000000000003,2238041500.0
2022-11-25,147.93,147.38,148.93,146.4,106766.0,0.0028000000000000004,1575517200.0
2022-11-28,144.83,147.65,148.01,142.05,190131.0,0.0049,2750115800.0
2022-11-29,149.92,155.05,155.15,149.9,410407.0,0.0106,6284034000.0
2022-11-30,154.8,156.86,159.97,154.0,252286.0,0.006500000000000001,3961994500.0
2022-12-01,165.0,164.59,169.99,163.86,440921.0,0.011399999999999999,7325021100.0
2022-12-02,164.8,163.06,166.88,162.26,210478.0,0.0054,3461949900.0
2022-12-05,168.88,168.51,169.98,165.68,297958.0,0.0077,5007534600.0
2022-12-06,167.97,175.4,178.22,167.1,433695.0,0.011200000000000002,7576837400.0
2022-12-07,175.41,173.68,177.8,173.01,311288.0,0.008,5443269200.0
2022-12-08,173.0,174.76,175.55,172.01,156448.0,0.004,2723693900.0
2022-12-09,174.63,183.27,183.47,174.12,419578.0,0.0108,7550074200.0
2022-12-12,182.0,178.35,183.38,177.91,299060.0,0.0077,5387581000.0
2022-12-13,178.0,179.47,180.9,176.02,192762.0,0.005,3447321300.0
2022-12-14,179.45,184.08,185.27,178.36,286989.0,0.0074,5255273199.999999
2022-12-15,184.2,181.96,185.8,180.77,199344.0,0.0051,3643457600.0
2022-12-16,180.22,182.52,183.08,178.66,186426.0,0.0048,3377432000.0
2022-12-19,183.5,179.95,184.71,179.0,194184.0,0.005,3512784500.0
2022-12-20,179.94,172.51,180.5,169.88,343458.0,0.0088,5965655900.0
2022-12-21,175.0,174.49,175.67,173.55,153853.0,0.004,2687724600.0
2022-12-22,176.03,179.5,181.55,174.67,244424.0,0.0063,4381920900.0
2022-12-23,177.0,180.29,183.0,176.4,198620.0,0.0051,3587724300.0
2022-12-26,180.29,178.6,181.2,177.56,178298.0,0.0046,3198529099.9999995
2022-12-27,180.0,181.05,182.5,179.15,152275.0,0.0039000000000000003,2758777100.0
2022-12-28,180.99,180.18,180.99,177.88,139378.0,0.0036,2503523200.0
2022-12-29,179.0,178.75,180.0,176.74,168505.0,0.0043,3003533000.0
2022-12-30,179.78,180.69,181.19,179.0,149765.0,0.0039000000000000003,2702577300.0
2023-01-03,181.0,178.2,181.81,176.51,182062.0,0.004699999999999999,3240728600.0
2023-01-04,178.0,178.62,180.5,176.3,128836.0,0.0033,2299620000.0
2023-01-05,181.5,189.0,189.51,180.4,402791.0,0.0104,7535626600.0
2023-01-06,191.11,190.46,191.11,187.78,233383.0,0.006,4428033700.0
2023-01-09,192.45,195.88,196.89,190.16,275573.0,0.0070999999999999995,5362756400.0
2023-01-10,195.8,195.24,196.71,194.61,202752.0,0.0052,3965377700.0
2023-01-11,195.04,194.1,195.99,192.6,169995.0,0.0044,3304975100.0
2023-01-12,195.0,193.39,195.77,192.01,138227.0,0.0036,2675310900.0000005
2023-01-13,193.39,198.58,199.41,193.34,245064.0,0.0063,4833946000.0
2023-01-16,200.0,206.52,209.27,200.0,363525.0,0.009399999999999999,7493040699.999999
2023-01-17,207.0,202.86,207.78,201.61,215079.0,0.0055000000000000005,4383014200.0
2023-01-18,204.93,205.8,211.79,204.32,272412.0,0.006999999999999999,5639270900.0
2023-01-19,206.45,205.3,206.5,202.35,181199.0,0.004699999999999999,3710296000.0
2023-01-20,207.89,208.72,212.0,207.1,273480.0,0.006999999999999999,5738958700.0
2023-01-30,218.59,217.6,219.89,214.28,321809.0,0.0083,7001555699.999999
2023-01-31,216.99,209.0,217.77,208.9,257247.0,0.0066,5456751700.0
2023-02-01,208.5,210.06,210.6,203.76,256552.0,0.0066,5334911700.0
2023-02-02,211.69,212.51,214.5,210.15,183272.0,0.004699999999999999,3899833400.0000005
2023-02-03,210.0,210.0,212.0,206.0,199352.0,0.0051,4156921800.0
2023-02-06,199.53,201.7,204.53,197.28,334075.0,0.0086,6710340300.0
2023-02-07,201.7,203.17,205.3,201.5,158116.0,0.0040999999999999995,3216023700.0
2023-02-08,203.17,199.55,204.0,198.22,169057.0,0.0044,3384827000.0
2023-02-09,199.66,207.39,207.74,199.55,244940.0,0.0063,5026717800.0
2023-02-10,207.39,204.7,207.48,203.12,140321.0,0.0036,2872338300.0
2023-02-13,203.0,212.4,214.9,202.99,289088.0,0.0074,6110099300.000001
2023-02-14,212.4,209.24,213.75,208.6,184902.0,0.0048,3886701000.0
2023-02-15,211.59,211.0,213.89,209.5,169258.0,0.0044,3584495900.0000005
2023-02-16,209.35,210.79,214.68,207.8,213380.0,0.0055000000000000005,4522470600.0
2023-02-17,209.45,208.15,214.45,208.0,184468.0,0.0048,3901125000.0
2023-02-20,208.2,212.95,213.8,205.5,191668.0,0.0049,4024080400.0
2023-02-21,212.5,210.08,212.62,208.5,139396.0,0.0036,2922693900.0
2023-02-22,208.45,207.5,210.54,206.5,141005.0,0.0036,2931801599.9999995
2023-02-23,206.5,205.1,208.22,203.7,145808.0,0.0038,2993988100.0
2023-02-24,205.07,201.1,205.07,199.82,203957.0,0.0053,4104764600.0
2023-02-27,199.06,204.81,206.23,198.84,172996.0,0.0045000000000000005,3517673800.0
2023-02-28,207.0,204.42,208.06,202.08,114801.0,0.003,2342737500.0
2023-03-01,204.17,207.38,208.85,202.9,154466.0,0.004,3196937800.0000005
2023-03-02,206.1,206.24,207.61,205.36,74477.0,0.0019,1537653700.0
2023-03-03,208.0,205.76,209.46,203.5,92837.0,0.0024,1912804900.0
2023-03-06,205.01,204.58,206.5,202.58,111402.0,0.0029,2277420100.0
2023-03-07,204.35,200.45,204.35,200.11,125272.0,0.0032,2532351700.0
2023-03-08,199.0,199.3,201.5,198.0,102191.0,0.0026,2035672800.0
2023-03-09,199.0,198.0,199.7,193.9,168505.0,0.0043,3323035500.0
2023-03-10,196.21,195.24,199.58,195.17,110957.0,0.0029,2181297300.0
2023-03-13,195.0,198.6,200.28,195.0,126472.0,0.0033,2510450800.0
2023-03-14,198.7,195.28,198.72,193.7,102843.0,0.0026,2013558900.0000002
2023-03-15,198.0,192.32,199.33,192.3,129880.0,0.0033,2527648800.0
2023-03-16,191.0,191.2,194.2,189.33,120544.0,0.0031,2309099800.0
2023-03-17,193.85,188.5,194.24,188.0,156070.0,0.004,2970579099.9999995
2023-03-20,190.0,185.9,190.59,185.0,154643.0,0.004,2889013000.0
2023-03-21,187.4,192.24,193.11,185.22,187893.0,0.0048,3583069200.0
2023-03-22,192.25,191.77,196.08,191.42,108532.0,0.0028000000000000004,2097093800.0
2023-03-23,190.9,194.58,195.99,190.06,132842.0,0.0034000000000000002,2578838700.0
2023-03-24,194.0,193.02,195.95,191.5,102530.0,0.0026,1984030900.0
2023-03-27,192.81,190.41,192.84,189.0,118799.0,0.0031,2258153900.0
2023-03-28,190.39,192.5,193.91,190.21,109186.0,0.0028000000000000004,2099319300.0
2023-03-29,194.0,195.28,196.0,191.6,159539.0,0.0040999999999999995,3103306599.9999995
2023-03-30,195.28,198.39,198.96,194.18,151487.0,0.0039000000000000003,2983220900.0000005
2023-03-31,201.0,197.0,202.0,197.0,127590.0,0.0033,2541477100.0
2023-04-03,196.98,195.19,197.0,193.08,133660.0,0.0034000000000000002,2604697400.0
2023-04-04,195.5,196.15,196.66,192.95,142473.0,0.0037,2772976000.0
2023-04-06,195.0,190.54,195.0,189.07,151075.0,0.0039000000000000003,2889971000.0
2023-04-07,189.8,189.06,191.83,187.54,113038.0,0.0029,2139054100.0
2023-04-10,185.0,184.65,185.02,178.2,339732.0,0.0088,6169351700.0
2023-04-11,183.97,180.53,184.15,180.01,191194.0,0.0049,3472021599.9999995
2023-04-12,181.0,175.82,181.11,175.55,272834.0,0.006999999999999999,4827573300.0
2023-04-13,176.0,177.88,179.9,175.55,210802.0,0.0054,3748131400.0
2023-04-14,178.22,175.59,178.5,175.03,144653.0,0.0037,2549260300.0
2023-04-17,176.79,178.18,179.92,176.49,185553.0,0.0048,3301205300.0000005
2023-04-18,179.0,178.32,180.17,177.58,144067.0,0.0037,2574306100.0
2023-04-19,178.67,176.29,178.96,175.5,126172.0,0.0033,2225609800.0
2023-04-20,176.34,173.5,176.98,172.5,148009.0,0.0038,2578285600.0
2023-04-21,174.0,172.0,175.3,171.8,120920.0,0.0031,2096658299.9999998
2023-04-24,172.1,168.0,172.9,167.5,176091.0,0.0045000000000000005,2970099000.0
2023-04-25,168.0,169.8,169.88,165.65,154897.0,0.004,2602607500.0
2023-04-26,169.1,168.61,171.18,167.58,148127.0,0.0038,2500348800.0
2023-04-27,168.6,169.17,170.3,166.4,150393.0,0.0039000000000000003,2530897200.0
2023-04-28,171.26,169.0,171.95,167.88,179386.0,0.0046,3038219000.0
2023-05-04,172.5,168.95,172.95,167.45,265878.0,0.0068000000000000005,4516684000.0
2023-05-05,168.95,173.71,174.1,168.25,251727.0,0.006500000000000001,4324694300.0
2023-05-08,174.5,171.4,175.5,170.79,177534.0,0.0046,3055845000.0
2023-05-09,170.83,174.77,177.5,170.0,222923.0,0.005699999999999999,3891368000.0
2023-05-10,172.8,173.32,174.5,171.59,118910.0,0.0031,2057577200.0
2023-05-11,173.98,172.57,176.49,172.21,122896.0,0.0032,2138046000.0
2023-05-12,172.2,169.37,174.5,169.36,129592.0,0.0033,2218100000.0
2023-05-15,168.25,172.44,172.49,168.03,130800.0,0.0034000000000000002,2232478600.0
2023-05-16,172.3,170.49,172.36,169.8,99365.0,0.0026,1694257800.0
2023-05-17,170.0,169.34,170.9,168.75,86022.0,0.0022,1458848100.0
2023-05-18,169.49,168.66,170.71,168.0,87804.0,0.0023,1484050300.0
2023-05-19,168.09,170.8,171.26,166.75,120746.0,0.0031,2048104100.0
2023-05-22,170.89,177.61,179.06,169.08,302445.0,0.0078000000000000005,5326581000.0
2023-05-23,177.8,174.0,178.5,174.0,136724.0,0.0034999999999999996,2402618300.0
2023-05-24,173.52,170.35,173.98,170.35,133551.0,0.0034000000000000002,2297763600.0
2023-05-25,169.42,168.2,169.68,167.45,143925.0,0.0037,2421836700.0
2023-05-26,168.2,170.1,171.89,168.0,122875.0,0.0032,2088300600.0
2023-05-29,170.94,168.26,171.85,167.58,129769.0,0.0033,2191775000.0
2023-05-30,168.0,165.17,169.45,163.5,183603.0,0.004699999999999999,3039522800.0000005
2023-05-31,165.0,161.18,165.13,160.02,213448.0,0.0055000000000000005,3448000900.0000005
2023-06-01,162.49,163.32,166.6,161.2,169016.0,0.0044,2774057600.0
2023-06-02,165.0,167.9,168.4,163.33,192084.0,0.0049,3199284099.9999995
2023-06-05,167.28,165.2,167.68,164.63,113447.0,0.0029,1879812900.0
2023-06-06,166.3,165.62,168.43,164.53,135368.0,0.0034999999999999996,2256103800.0
2023-06-07,166.15,164.0,167.05,164.0,95326.0,0.0025,1574392200.0
2023-06-08,164.21,164.82,166.07,163.02,91573.0,0.0024,1504742500.0
2023-06-09,164.94,164.59,165.98,163.8,119635.0,0.0031,1970427700.0
2023-06-12,164.02,170.41,172.0,162.94,241838.0,0.0062,4073838200.0
2023-06-13,170.0,173.08,173.9,169.41,182936.0,0.004699999999999999,3156768700.0
2023-06-14,174.8,177.68,179.35,172.66,241015.0,0.0062,4279986500.0
2023-06-15,179.21,182.0,182.82,178.0,240450.0,0.0062,4346343700.0
2023-06-16,182.6,184.08,185.6,181.5,216314.0,0.005600000000000001,3975778000.0
2023-06-19,183.0,177.54,183.71,176.5,242342.0,0.0062,4330534600.0
2023-06-20,177.0,174.01,178.4,173.6,178689.0,0.0046,3129124800.0
2023-06-21,173.99,171.4,174.89,171.2,139485.0,0.0036,2409049500.0
2023-06-26,169.5,166.66,169.89,165.0,219340.0,0.005699999999999999,3652673800.0
2023-06-27,164.17,166.12,166.5,162.2,200679.0,0.0052,3307807300.0
2023-06-28,165.23,166.67,168.6,164.38,119426.0,0.0031,1990481700.0000002
2023-06-29,166.0,163.81,166.5,163.27,117724.0,0.003,1934965500.0
2023-06-30,164.7,163.57,165.1,162.8,103371.0,0.0027,1695951800.0
2023-07-03,163.27,167.36,167.49,162.85,173373.0,0.0045000000000000005,2875750000.0
2023-07-04,167.0,168.22,168.5,165.55,125957.0,0.0032,2107039800.0
2023-07-05,167.52,165.38,167.6,165.0,115416.0,0.003,1911856400.0000002
2023-07-06,165.3,164.3,166.81,163.85,101450.0,0.0026,1672166200.0
2023-07-07,164.19,163.66,165.0,163.32,78970.0,0.002,1294178700.0
2023-07-10,164.98,164.6,166.5,164.21,96715.0,0.0025,1597774600.0
2023-07-11,165.45,165.14,165.76,163.88,70206.0,0.0018,1156564800.0
2023-07-12,165.2,165.46,166.66,165.0,118840.0,0.0031,1970009900.0
2023-07-13,167.88,172.65,173.0,166.65,323514.0,0.0083,5531880600.000001
2023-07-14,173.6,171.99,174.33,170.79,150723.0,0.0039000000000000003,2594877600.0
2023-07-17,170.5,169.66,170.98,168.16,93257.0,0.0024,1575729900.0
2023-07-18,169.7,168.4,170.23,168.0,81959.0,0.0021,1381227300.0
2023-07-19,167.82,168.32,168.76,166.81,76856.0,0.002,1288285000.0
2023-07-20,169.0,168.56,171.28,168.08,127502.0,0.0033,2163844800.0
2023-07-21,169.88,171.27,174.0,167.88,195387.0,0.005,3356305200.0
2023-07-24,169.13,169.36,170.0,167.9,131716.0,0.0034000000000000002,2222174200.0
2023-07-25,176.0,179.5,180.67,175.17,440632.0,0.011399999999999999,7867658300.0
2023-07-26,179.5,177.8,180.68,176.85,174025.0,0.0045000000000000005,3104017700.0
2023-07-27,178.97,178.46,180.85,176.85,187987.0,0.0048,3367125700.0
2023-07-28,177.3,181.18,182.16,176.63,319693.0,0.008199999999999999,5753479200.0
2023-07-31,186.6,181.0,188.57,180.98,315594.0,0.008100000000000001,5816020900.0
2023-08-01,181.69,179.88,184.15,178.5,195718.0,0.005,3543719099.9999995
2023-08-02,179.0,177.98,180.99,177.2,155080.0,0.004,2770075400.0
2023-08-03,177.04,178.6,179.96,175.13,152646.0,0.0039000000000000003,2712382900.0
2023-08-04,181.39,179.28,182.5,178.7,143478.0,0.0037,2585669200.0
2023-08-07,178.3,177.31,179.28,176.4,156930.0,0.004,2784302700.0
2023-08-08,176.18,176.88,178.06,175.18,116143.0,0.003,2050696300.0
2023-08-09,177.46,177.18,177.88,176.1,86796.0,0.0022,1536212500.0
2023-08-10,176.88,176.31,177.0,174.66,104238.0,0.0027,1833070600.0
2023-08-11,177.46,172.36,177.55,172.27,148886.0,0.0038,2590746300.0
2023-08-14,170.0,168.62,170.33,166.0,210945.0,0.0054,3548868700.0
2023-08-15,168.61,166.5,168.9,165.69,168145.0,0.0043,2803400100.0
2023-08-16,166.28,166.7,167.4,165.2,116277.0,0.003,1937166400.0000002
2023-08-17,165.9,168.44,168.61,164.5,166932.0,0.0043,2790070900.0000005
2023-08-18,168.42,163.53,168.68,163.5,279480.0,0.0072,4605753400.0
2023-08-21,162.18,161.97,164.36,161.38,164507.0,0.0042,2676283300.0
2023-08-22,162.62,162.15,163.5,160.48,156921.0,0.004,2538910300.0
2023-08-23,162.05,160.01,162.14,160.0,146839.0,0.0038,2360128000.0
2023-08-24,160.08,162.26,163.5,159.21,175895.0,0.0045000000000000005,2842412900.0
2023-08-25,161.02,161.55,162.77,160.55,116302.0,0.003,1877818200.0
2023-08-28,168.01,157.49,168.99,157.01,545771.0,0.0141,8739965700.0
2023-08-29,156.0,159.4,160.1,155.33,238732.0,0.0062,3780207199.9999995
2023-08-30,159.4,157.82,160.12,157.6,225987.0,0.0058,3580879500.0
2023-08-31,157.82,155.91,157.83,155.83,220018.0,0.005699999999999999,3443917300.0
2023-09-01,157.0,159.74,159.96,157.0,232387.0,0.006,3701951300.0
2023-09-04,161.6,167.93,168.0,161.6,464965.0,0.012,7710567700.0
2023-09-05,167.8,165.72,168.23,165.24,190550.0,0.0049,3170571200.0
2023-09-06,165.06,165.69,166.45,164.0,130493.0,0.0034000000000000002,2155901000.0
2023-09-07,165.0,163.1,165.17,162.9,118861.0,0.0031,1947053000.0
2023-09-08,162.26,161.92,162.7,160.5,104972.0,0.0027,1695834400.0
2023-09-11,161.0,164.35,165.31,160.15,160683.0,0.0040999999999999995,2625927000.0
2023-09-12,163.4,162.98,164.06,162.61,89428.0,0.0023,1459902300.0
2023-09-13,164.0,163.65,165.39,162.45,131147.0,0.0034000000000000002,2150208900.0
2023-09-14,163.65,162.0,164.23,161.03,130473.0,0.0034000000000000002,2115828299.9999998
2023-09-15,162.07,159.71,163.04,159.3,177555.0,0.0046,2846912300.0
2023-09-18,159.0,162.8,163.01,158.01,162983.0,0.0042,2634257600.0
2023-09-19,162.01,160.91,162.2,159.5,113674.0,0.0029,1824120700.0
2023-09-20,160.2,159.84,161.0,159.7,87124.0,0.0022,1394723500.0
2023-09-21,159.0,157.66,159.5,157.52,129455.0,0.0033,2046008299.9999998
2023-09-22,157.0,159.92,160.31,156.7,154320.0,0.004,2451918100.0
2023-09-25,159.76,158.9,159.88,158.6,105365.0,0.0027,1676603500.0
2023-09-26,158.88,156.65,159.47,156.65,125016.0,0.0032,1969171200.0
2023-09-27,156.66,156.59,158.65,156.0,132812.0,0.0034000000000000002,2083949300.0
2023-09-28,156.59,156.1,157.38,155.68,123857.0,0.0032,1933102500.0
2023-10-09,156.09,154.27,156.09,151.8,153573.0,0.004,2365643900.0
2023-10-10,155.49,153.41,156.58,153.06,127175.0,0.0033,1965311400.0000002
2023-10-11,154.57,153.7,155.23,153.36,99122.0,0.0026,1526531400.0000002
2023-10-12,155.25,155.73,156.0,154.21,137972.0,0.0036,2144168299.9999998
2023-10-13,154.5,153.63,154.5,152.01,142934.0,0.0037,2189951700.0
2023-10-16,153.08,150.14,153.4,149.71,152366.0,0.0039000000000000003,2299307400.0
2023-10-17,150.14,150.41,151.24,148.56,107202.0,0.0028000000000000004,1610282300.0
2023-10-18,149.98,149.24,151.32,149.18,101105.0,0.0026,1516335000.0
2023-10-19,148.0,144.25,148.0,143.96,217385.0,0.005600000000000001,3161472100.0
2023-10-20,143.0,143.7,145.93,142.57,133164.0,0.0034000000000000002,1920618100.0
2023-10-23,143.64,143.75,145.81,142.4,120292.0,0.0031,1727517100.0
2023-10-24,143.76,144.05,144.99,141.7,167074.0,0.0043,2395874800.0
2023-10-25,146.95,149.34,151.0,146.95,254422.0,0.0066,3792234600.0
2023-10-26,148.0,151.05,151.2,147.8,146177.0,0.0038,2187779900.0
2023-10-27,150.57,152.99,153.55,150.16,170654.0,0.0044,2603681400.0
2023-10-30,155.95,156.6,158.36,155.0,274030.0,0.0070999999999999995,4289723300.0
2023-10-31,157.5,156.0,157.65,155.02,144979.0,0.0037,2261223900.0
2023-11-01,166.0,160.0,167.28,160.0,469346.0,0.0121,7622902600.0
2023-11-02,160.08,157.9,160.96,157.73,165132.0,0.0043,2623333600.0
2023-11-03,157.9,159.67,160.0,157.66,138144.0,0.0036,2200311500.0
2023-11-06,160.67,159.84,160.87,158.5,137512.0,0.0034999999999999996,2192590000.0
2023-11-07,159.3,159.31,159.9,158.0,107304.0,0.0028000000000000004,1705482400.0
2023-11-08,158.5,158.63,159.78,157.57,126463.0,0.0033,2003996000.0
2023-11-09,158.0,158.55,159.5,158.0,91989.0,0.0024,1458982600.0
2023-11-10,157.5,156.9,158.28,156.5,89631.0,0.0023,1407108900.0000002
2023-11-13,156.89,154.88,157.17,154.06,125575.0,0.0032,1948615200.0
2023-11-14,155.88,155.9,157.89,155.0,112992.0,0.0029,1764357500.0
2023-11-15,157.81,157.25,158.14,156.7,101757.0,0.0026,1601063900.0000002
2023-11-16,157.0,156.37,157.7,156.13,70364.0,0.0018,1102563000.0
2023-11-17,155.5,155.0,156.48,154.36,84521.0,0.0022,1309342300.0
2023-11-20,154.99,154.4,155.94,153.6,114859.0,0.003,1773729300.0
2023-11-21,155.0,155.3,156.64,153.25,166977.0,0.0043,2595787100.0
2023-11-22,154.2,153.51,154.92,153.51,86913.0,0.0022,1338321000.0
2023-11-23,153.0,153.07,153.45,151.85,94576.0,0.0024,1442391000.0
2023-11-24,152.9,153.23,153.88,152.31,93095.0,0.0024,1425448400.0
2023-11-27,152.79,149.25,152.8,148.89,185270.0,0.0048,2774364099.9999995
2023-11-28,149.29,148.75,150.08,147.65,139103.0,0.0036,2066506900.0
2023-11-29,148.58,148.3,148.6,146.9,86485.0,0.0022,1279519700.0
2023-11-30,148.17,149.15,149.39,148.01,106833.0,0.0028000000000000004,1591108400.0
2023-12-01,149.0,147.21,149.0,146.01,134304.0,0.0034999999999999996,1977001200.0
2023-12-04,146.49,145.85,147.67,145.59,106956.0,0.0028000000000000004,1565168599.9999998
2023-12-05,145.5,142.67,145.83,142.24,150411.0,0.0039000000000000003,2167619300.0
2023-12-06,142.6,144.1,145.2,141.66,144742.0,0.0037,2081995200.0
2023-12-07,144.1,142.52,144.27,141.5,151071.0,0.0039000000000000003,2152755600.0
2023-12-08,142.52,142.93,144.3,142.22,144759.0,0.0037,2075536400.0000002
2023-12-11,139.6,139.2,140.0,136.56,323121.0,0.0083,4465383100.0
2023-12-12,138.0,139.3,139.68,137.73,144023.0,0.0037,2002700000.0
2023-12-13,138.6,133.78,138.68,133.58,318646.0,0.008199999999999999,4313281500.0
2023-12-14,135.0,132.65,135.98,132.65,214418.0,0.0055000000000000005,2872608800.0
2023-12-15,133.67,133.7,135.8,132.8,200133.0,0.0052,2685090400.0
2023-12-18,132.05,134.0,134.8,131.87,129300.0,0.0033,1727901900.0
2023-12-19,133.99,133.33,133.99,132.56,130160.0,0.0034000000000000002,1732968200.0
2023-12-20,133.85,132.13,133.93,132.1,106300.0,0.0027,1411911300.0
2023-12-21,131.88,134.1,134.45,131.48,176648.0,0.0046,2355445600.0
2023-12-22,134.06,133.42,134.8,132.57,164023.0,0.0042,2191023200.0
2023-12-25,133.32,134.55,134.57,132.95,98621.0,0.0025,1322860799.9999998
2023-12-26,134.55,134.32,134.55,133.61,73678.0,0.0019,986855900.0
2023-12-27,134.32,133.83,134.78,133.03,104309.0,0.0027,1395667200.0
2023-12-28,133.83,140.1,141.14,133.55,336109.0,0.0087,4647651300.0
2023-12-29,140.0,140.31,141.64,139.29,194541.0,0.005,2730826800.0
2024-01-02,140.3,136.0,140.3,135.8,215270.0,0.0055000000000000005,2947170600.0
2024-01-03,135.98,134.88,136.67,133.75,164171.0,0.0042,2211980500.0
2024-01-04,134.88,132.32,134.9,132.01,178763.0,0.0046,2371204500.0
2024-01-05,132.0,131.24,133.3,130.78,156304.0,0.004,2062827500.0
2024-01-08,131.01,128.1,131.14,128.0,210200.0,0.0054,2706248500.0
2024-01-09,128.1,127.81,129.38,127.41,174838.0,0.0045000000000000005,2241449400.0
2024-01-10,127.81,128.8,129.58,126.01,165304.0,0.0043,2118536500.0
2024-01-11,128.7,129.62,130.5,127.22,156464.0,0.004,2021718000.0
2024-01-12,128.88,128.75,130.12,128.1,119208.0,0.0031,1539729100.0
2024-01-15,128.0,128.68,129.39,127.08,115826.0,0.003,1485609900.0
2024-01-16,127.92,128.41,129.28,126.93,125287.0,0.0032,1604334700.0
2024-01-17,127.6,125.14,127.8,125.14,176757.0,0.0046,2232552000.0
2024-01-18,124.8,127.9,128.13,123.19,235948.0,0.0060999999999999995,2961463100.0
2024-01-19,127.0,128.89,129.51,126.12,225020.0,0.0058,2891090600.0
2024-01-22,128.4,127.0,129.15,125.8,213410.0,0.0055000000000000005,2733754500.0
2024-01-23,126.8,127.38,128.12,125.48,161987.0,0.0042,2053575300.0
2024-01-24,128.18,128.05,128.48,125.26,166824.0,0.0043,2118644000.0
2024-01-25,128.0,131.11,131.11,127.56,273421.0,0.006999999999999999,3546309000.0
2024-01-26,130.11,131.0,131.99,129.5,193174.0,0.005,2522565300.0
2024-01-29,131.09,131.78,133.67,131.09,216150.0,0.005600000000000001,2860907600.0
2024-01-30,130.8,127.71,130.9,127.58,170720.0,0.0044,2196117700.0
2024-01-31,127.5,126.3,128.68,126.29,135218.0,0.0034999999999999996,1717132800.0
2024-02-01,125.74,126.5,127.72,125.14,137875.0,0.0036,1745356500.0
2024-02-02,126.5,123.82,128.65,122.56,210862.0,0.0054,2658388900.0
2024-02-05,123.82,126.57,127.88,122.91,308042.0,0.0079,3864410300.0000005
2024-02-06,126.0,132.99,133.0,125.7,323842.0,0.0083,4239033700.0
2024-02-07,133.11,133.87,134.7,132.1,290673.0,0.0075,3882656000.0
2024-02-08,134.8,133.59,136.12,132.7,243748.0,0.0063,3267001000.0
2024-02-19,138.9,136.15,138.95,134.78,288579.0,0.0074,3951748600.0
2024-02-20,136.0,134.38,137.0,133.0,211819.0,0.0055000000000000005,2841706700.0
2024-02-21,133.4,141.02,142.68,132.84,466563.0,0.012,6492867000.0
2024-02-22,140.11,141.1,141.66,139.43,188401.0,0.0049,2646660000.0
2024-02-23,141.04,141.71,143.38,140.05,184393.0,0.0048,2613714200.0
2024-02-26,141.5,139.76,142.28,139.05,139947.0,0.0036,1961062800.0
2024-02-27,139.01,139.76,139.8,138.05,150617.0,0.0039000000000000003,2092382000.0
2024-02-28,139.76,139.53,141.4,138.77,196194.0,0.0051,2753522600.0
2024-02-29,139.0,142.25,142.33,138.7,176604.0,0.0045000000000000005,2496985000.0
2024-03-01,142.05,142.59,143.78,140.88,158813.0,0.0040999999999999995,2261267900.0
2024-03-04,141.51,140.33,142.2,140.04,154307.0,0.004,2170817700.0
2024-03-05,139.98,141.59,141.88,139.33,160016.0,0.0040999999999999995,2251931900.0
2024-03-06,141.0,139.06,141.3,138.51,176528.0,0.0045000000000000005,2459134900.0
2024-03-07,139.06,138.25,139.98,138.25,112198.0,0.0029,1559868200.0
2024-03-08,138.06,138.42,139.13,136.66,122452.0,0.0032,1687886700.0000002
2024-03-11,138.35,141.16,141.29,138.02,193569.0,0.005,2713055200.0
2024-03-12,141.17,148.31,149.3,141.17,450791.0,0.0116,6608708700.0
2024-03-13,147.5,147.76,149.18,147.14,179130.0,0.0046,2649479600.0
2024-03-14,147.2,149.56,151.0,147.06,222274.0,0.005699999999999999,3320434200.0
2024-03-15,149.0,152.49,154.78,148.8,238874.0,0.0062,3639737800.0000005
2024-03-18,152.4,153.5,154.66,150.71,189874.0,0.0049,2908432500.0
2024-03-19,153.88,157.37,158.97,153.54,338826.0,0.0087,5328394200.0
2024-03-20,156.88,156.95,158.26,155.49,161600.0,0.0042,2535855000.0
2024-03-21,156.9,156.61,158.54,155.65,136430.0,0.0034999999999999996,2139591400.0000002
2024-03-22,156.4,153.43,156.76,152.36,201564.0,0.0052,3098381500.0
2024-03-25,152.51,151.72,152.9,150.0,161675.0,0.0042,2447539800.0
2024-03-26,151.77,155.22,155.38,151.77,180890.0,0.004699999999999999,2787590500.0
2024-03-27,155.0,152.66,155.3,152.6,123630.0,0.0032,1899180600.0
2024-03-28,152.66,153.1,155.34,152.05,144192.0,0.0037,2217801300.0
2024-03-29,153.1,153.51,155.02,152.56,88348.0,0.0023,1358438700.0
2024-04-01,154.5,157.28,158.56,154.5,177262.0,0.0046,2788229500.0
2024-04-02,157.0,155.5,157.18,154.86,114101.0,0.0029,1779060200.0
2024-04-03,155.9,154.6,156.97,153.3,98261.0,0.0025,1522506400.0000002
2024-04-08,152.0,147.29,152.0,147.05,270007.0,0.006999999999999999,4002147900.0
2024-04-09,146.5,146.48,148.21,145.68,130397.0,0.0034000000000000002,1909631400.0000002
2024-04-10,146.2,143.12,146.5,142.14,171676.0,0.0044,2464329900.0
2024-04-11,142.6,142.34,142.66,140.6,159943.0,0.0040999999999999995,2264027600.0
2024-04-12,142.0,140.49,143.45,140.1,134073.0,0.0034999999999999996,1895838000.0
2024-04-15,140.6,147.32,147.98,140.06,254292.0,0.0066,3701903900.0
2024-04-16,146.6,144.97,147.16,144.31,135678.0,0.0034999999999999996,1976125500.0
2024-04-17,144.53,145.3,145.54,143.8,137023.0,0.0034999999999999996,1982007000.0
2024-04-18,144.07,144.98,146.78,143.3,152453.0,0.0039000000000000003,2213439000.0
2024-04-19,143.98,142.9,144.5,141.99,127262.0,0.0033,1818608500.0
2024-04-22,142.9,144.56,146.48,142.9,140366.0,0.0036,2035476600.0
2024-04-23,144.0,147.03,147.49,143.97,171712.0,0.0044,2507417600.0
2024-04-24,147.93,148.98,149.2,146.0,142251.0,0.0037,2103883200.0
2024-04-25,148.5,148.98,149.35,147.02,100776.0,0.0026,1496358800.0
2024-04-26,149.2,152.25,152.7,149.2,179462.0,0.0046,2719514000.0
2024-04-29,151.0,151.75,156.56,150.01,275385.0,0.0070999999999999995,4217464099.9999995
2024-04-30,152.3,150.43,153.49,150.43,155296.0,0.004,2359135100.0
2024-05-06,153.44,155.01,158.33,153.4,316796.0,0.008199999999999999,4940155200.0
2024-05-07,155.0,155.94,156.42,153.55,145500.0,0.0037,2265634100.0
2024-05-08,155.98,155.0,156.32,154.35,101074.0,0.0026,1567926300.0
2024-05-09,154.33,154.84,155.69,153.73,113275.0,0.0029,1750315400.0
2024-05-10,155.0,154.43,155.89,152.8,102514.0,0.0026,1579216000.0
2024-05-13,152.8,151.1,152.98,150.27,172628.0,0.0044,2608851200.0
2024-05-14,151.1,151.34,151.85,150.03,113455.0,0.0029,1713073800.0
2024-05-15,151.33,151.37,151.83,150.5,78428.0,0.002,1186554200.0
2024-05-16,151.7,154.05,155.08,150.71,149376.0,0.0038,2289335600.0
2024-05-17,154.0,156.41,156.43,153.21,161843.0,0.0042,2509981100.0
2024-05-20,156.4,157.3,159.8,156.4,193736.0,0.005,3066113000.0
2024-05-21,156.8,156.54,157.18,155.09,88037.0,0.0023,1374785600.0
2024-05-22,156.01,155.12,156.41,154.27,108478.0,0.0028000000000000004,1682580300.0
2024-05-23,155.0,153.6,155.97,153.32,89889.0,0.0023,1383814600.0
2024-05-24,152.86,151.15,153.13,151.0,112039.0,0.0029,1700151000.0
2024-05-27,151.14,151.58,152.3,150.58,101567.0,0.0026,1535721700.0000002
2024-05-28,151.6,150.03,151.94,150.0,103874.0,0.0027,1566391600.0
2024-05-29,150.05,149.21,150.99,148.86,91024.0,0.0023,1363621200.0
2024-05-30,148.95,146.26,148.95,145.91,161111.0,0.0042,2363289800.0
2024-05-31,146.9,146.7,147.99,146.6,131412.0,0.0034000000000000002,1934209400.0
2024-06-03,146.89,145.98,147.25,144.65,140930.0,0.0036,2051213299.9999998
2024-06-04,145.98,147.78,148.1,145.5,103021.0,0.0027,1514138599.9999998
2024-06-05,147.72,145.76,148.0,145.65,111148.0,0.0029,1629419500.0
2024-06-06,146.01,144.9,146.62,144.06,127309.0,0.0033,1844855900.0
2024-06-07,145.5,142.34,145.55,141.9,158693.0,0.0040999999999999995,2266797200.0
2024-06-11,141.4,138.48,141.4,138.0,206655.0,0.0053,2873140100.0
2024-06-12,138.1,137.9,139.83,137.55,154524.0,0.004,2136862800.0
2024-06-13,137.89,134.56,138.1,134.44,243623.0,0.0063,3301287600.0
2024-06-14,134.2,135.68,135.7,132.09,287219.0,0.0074,3851661900.0
2024-06-17,134.4,135.73,136.16,131.3,246272.0,0.0063,3299559699.9999995
2024-06-18,135.0,133.89,137.34,133.42,202981.0,0.0052,2740736900.0
2024-06-19,134.18,134.22,135.3,132.83,137045.0,0.0034999999999999996,1839596900.0
2024-06-20,134.1,132.2,135.07,132.18,126192.0,0.0033,1679993000.0
2024-06-21,132.01,130.2,132.86,128.8,213886.0,0.0055000000000000005,2781028400.0000005
2024-06-24,126.02,131.03,132.67,125.6,239235.0,0.0062,3102546700.0
2024-06-25,131.8,131.51,133.29,130.6,177152.0,0.0046,2341480900.0
2024-06-26,130.4,131.3,132.18,130.35,102212.0,0.0026,1341298500.0
2024-06-27,131.33,129.65,131.37,128.72,122646.0,0.0032,1587676500.0
2024-06-28,128.99,128.04,130.49,127.56,156899.0,0.004,2019328000.0
2024-07-01,128.2,128.3,129.16,126.0,154335.0,0.004,1964232800.0
2024-07-02,127.7,131.56,132.68,127.5,247479.0,0.0064,3244049500.0
2024-07-03,131.56,131.0,132.7,130.1,124277.0,0.0032,1631928200.0
2024-07-04,131.0,130.59,132.4,130.03,100495.0,0.0026,1315554600.0
2024-07-05,130.59,128.95,131.97,128.14,139413.0,0.0036,1803448200.0
2024-07-08,128.98,125.91,129.2,125.22,207455.0,0.0053,2630909900.0
2024-07-09,125.91,127.07,128.2,125.18,195404.0,0.005,2475816900.0
2024-07-10,126.5,126.54,128.46,126.18,154572.0,0.004,1964272900.0
2024-07-11,127.5,130.48,131.5,127.17,257796.0,0.0066,3349449300.0
2024-07-12,126.68,127.4,127.79,125.65,189387.0,0.0049,2401467300.0
2024-07-15,127.0,127.5,129.36,126.58,119738.0,0.0031,1532479900.0
2024-07-16,126.73,127.48,128.1,125.8,154689.0,0.004,1967032400.0
2024-07-17,127.0,130.76,130.99,126.37,228842.0,0.0059,2960415600.0
2024-07-18,130.04,131.1,133.0,130.03,185917.0,0.0048,2444968700.0
2024-07-19,130.68,133.42,133.49,129.78,190244.0,0.0049,2517623700.0
2024-07-22,133.4,131.22,133.95,131.0,156429.0,0.004,2065619600.0
2024-07-23,131.01,126.8,131.51,126.8,197564.0,0.0051,2540829800.0
2024-07-24,126.58,126.06,127.7,125.5,143650.0,0.0037,1813586500.0
2024-07-25,125.1,125.78,126.66,125.1,118141.0,0.003,1485089900.0
2024-07-26,126.0,126.2,127.38,125.1,114215.0,0.0029,1439101500.0
2024-07-29,126.0,124.1,126.7,124.1,139364.0,0.0036,1745197600.0
2024-07-30,123.0,123.29,124.3,121.48,207253.0,0.0053,2538151200.0
2024-07-31,122.68,126.86,128.18,122.66,260579.0,0.0067,3286415900.0000005
2024-08-01,126.87,124.0,126.95,123.88,174739.0,0.0045000000000000005,2180766000.0
2024-08-02,123.0,123.7,124.52,122.88,99502.0,0.0026,1231884900.0
2024-08-05,123.7,126.0,128.0,123.6,241892.0,0.0062,3060406000.0
2024-08-06,126.52,125.9,128.0,125.38,153473.0,0.004,1940983200.0
2024-08-07,126.0,127.0,127.58,125.3,132591.0,0.0034000000000000002,1678186200.0
2024-08-08,126.48,128.35,129.67,125.95,200131.0,0.0052,2559755500.0
2024-08-09,129.5,128.08,130.0,127.74,158468.0,0.0040999999999999995,2041741200.0
2024-08-12,127.5,127.71,128.49,127.12,73108.0,0.0019,934639900.0
2024-08-13,127.59,125.6,127.96,125.12,124517.0,0.0032,1567828599.9999998
2024-08-14,125.5,124.33,125.59,123.89,94947.0,0.0024,1181885800.0
2024-08-15,124.02,124.95,126.15,123.86,111623.0,0.0029,1395432300.0
2024-08-16,124.5,125.01,125.37,123.58,97267.0,0.0025,1211693500.0
2024-08-19,125.0,123.95,127.0,123.9,138759.0,0.0036,1732841600.0
2024-08-20,123.95,123.15,124.0,122.66,109852.0,0.0028000000000000004,1352259400.0
2024-08-21,122.8,122.2,123.14,122.1,97108.0,0.0025,1189648700.0
2024-08-22,122.21,120.99,122.39,119.96,185285.0,0.0048,2234186000.0
2024-08-23,120.6,121.11,122.1,120.52,88988.0,0.0023,1078393600.0
2024-08-26,120.98,118.12,121.87,118.04,204010.0,0.0053,2429417300.0
2024-08-27,117.7,117.7,118.2,115.55,156609.0,0.004,1831272400.0
2024-08-28,117.0,114.0,117.0,112.92,247292.0,0.0064,2821003000.0
2024-08-29,115.5,118.78,120.29,115.13,300256.0,0.0077,3546177199.9999995
2024-08-30,118.0,123.03,124.66,116.78,337798.0,0.0087,4114623900.0
2024-09-02,122.0,119.0,122.31,119.0,177555.0,0.0046,2134586800.0
2024-09-03,119.08,120.32,121.47,119.0,127984.0,0.0033,1538909800.0
2024-09-04,119.33,119.11,120.8,119.03,84692.0,0.0022,1011886700.0
2024-09-05,119.1,119.55,119.88,118.5,82795.0,0.0021,987296000.0
2024-09-06,119.5,117.53,119.5,117.5,77722.0,0.002,920196100.0
2024-09-09,116.9,116.22,117.49,115.52,111587.0,0.0029,1296332700.0
2024-09-10,116.22,116.43,118.26,115.9,106050.0,0.0027,1237792400.0
2024-09-11,115.8,116.01,117.07,115.0,76591.0,0.002,888345200.0
2024-09-12,116.0,113.36,116.38,113.36,169848.0,0.0044,1945710700.0
2024-09-13,113.3,109.2,113.3,109.2,311531.0,0.008,3444726599.9999995
2024-09-18,108.25,107.69,109.57,107.21,177639.0,0.0046,1916365100.0
2024-09-19,107.73,110.9,112.86,106.33,318181.0,0.008199999999999999,3511889900.0
2024-09-20,110.13,110.28,110.85,108.6,196681.0,0.0051,2158043100.0
2024-09-23,110.91,112.29,113.79,110.4,203712.0,0.0052,2298355100.0
2024-09-24,114.9,120.36,120.4,113.51,473469.0,0.012199999999999999,5559354900.0
2024-09-25,123.6,122.1,125.62,121.88,417189.0,0.010700000000000001,5168860900.0
2024-09-26,122.1,134.31,134.31,121.91,664534.0,0.0171,8594482200.0
2024-09-27,141.8,147.74,147.74,138.53,864577.0,0.0223,12438562600.0
2024-09-30,156.02,162.51,162.51,152.7,986201.0,0.0254,15752197800.0
2024-10-08,178.76,164.05,178.76,155.55,1306806.0,0.0337,22218231000.0
2024-10-09,160.0,147.68,160.0,147.66,815469.0,0.021,12409184200.0
2024-10-10,147.67,151.98,155.53,147.67,600601.0,0.0155,9164464300.0
2024-10-11,150.0,149.65,153.32,148.0,285158.0,0.0073,4283807900.0
2024-10-14,151.0,149.76,151.0,146.01,334966.0,0.0086,4986284000.0
2024-10-15,150.0,144.0,150.1,144.0,329702.0,0.0085,4840842600.0
2024-10-16,142.0,141.65,144.29,140.08,312272.0,0.008,4430542100.0
2024-10-17,142.5,137.95,142.92,137.89,282508.0,0.0073,3957974200.0
2024-10-18,137.01,143.0,145.56,136.36,441443.0,0.011399999999999999,6206988500.0
2024-10-21,143.99,143.01,145.5,141.1,295765.0,0.0076,4223086200.0
2024-10-22,142.8,145.44,146.45,142.21,304663.0,0.0078000000000000005,4419839200.0
2024-10-23,145.47,148.53,149.53,144.0,358138.0,0.0092,5277833000.0
2024-10-24,146.8,146.46,148.5,146.11,186420.0,0.0048,2743177600.0
2024-10-25,145.46,148.11,149.87,145.46,198055.0,0.0051,2926843900.0
2024-10-28,149.01,153.97,154.0,146.67,438110.0,0.0113,6649586200.0
2024-10-29,153.97,150.8,156.88,150.4,303158.0,0.0078000000000000005,4641639300.0
2024-10-30,149.0,148.8,151.31,147.3,211870.0,0.0055000000000000005,3158474300.0
2024-10-31,147.0,146.83,149.2,145.41,269441.0,0.0069,3957475700.0
2024-11-01,145.72,147.92,150.8,145.72,227192.0,0.0059,3379402000.0
2024-11-04,148.5,148.6,149.21,146.08,205052.0,0.0053,3030626400.0
2024-11-05,148.0,152.8,152.99,146.8,320318.0,0.0083,4839032600.0
2024-11-06,152.76,151.25,153.0,149.15,302066.0,0.0078000000000000005,4568777900.0
2024-11-07,150.04,162.24,163.02,149.83,671872.0,0.0173,10602928000.0
2024-11-08,164.0,156.47,164.6,156.0,567474.0,0.0146,9025428000.0
2024-11-11,153.35,154.82,154.85,151.2,366012.0,0.009399999999999999,5603393199.999999
2024-11-12,154.82,154.3,159.0,153.65,351347.0,0.0091,5496005699.999999
2024-11-13,153.0,153.94,155.33,152.66,194334.0,0.005,2990077500.0
2024-11-14,153.11,153.49,155.88,152.15,217928.0,0.005600000000000001,3357496200.0
2024-11-15,153.48,151.29,154.13,150.55,255443.0,0.0066,3894476900.0
2024-11-18,151.28,149.33,153.36,149.0,209861.0,0.0054,3164795000.0
2024-11-19,149.56,148.45,150.64,145.3,233413.0,0.006,3447738700.0
2024-11-20,148.45,149.6,150.39,147.2,149815.0,0.0039000000000000003,2233265300.0
2024-11-21,149.0,149.5,150.1,148.16,114461.0,0.0029,1706377300.0
2024-11-22,149.4,144.89,150.01,144.65,189425.0,0.0049,2785311400.0
2024-11-25,145.89,143.8,147.18,142.7,191690.0,0.0049,2771219099.9999995
2024-11-26,143.5,144.8,146.6,142.5,175358.0,0.0045000000000000005,2539251100.0
2024-11-27,144.77,147.05,147.89,143.58,200250.0,0.0052,2921829600.0
2024-11-28,145.0,144.0,146.95,143.8,190454.0,0.0049,2760020500.0
2024-11-29,145.02,146.77,149.69,144.4,287278.0,0.0074,4234632600.0
2024-12-02,147.13,147.4,148.43,145.56,179764.0,0.0046,2645657900.0
2024-12-03,147.7,146.99,147.77,146.2,140143.0,0.0036,2059980799.9999998
2024-12-04,146.9,145.73,146.94,144.77,148434.0,0.0038,2161997000.0
2024-12-05,145.0,145.03,145.66,144.51,103210.0,0.0027,1496758500.0
2024-12-06,144.66,146.44,148.0,144.66,187546.0,0.0048,2745488800.0
2024-12-09,146.45,145.76,147.41,145.15,145424.0,0.0037,2124782400.0
2024-12-10,153.0,149.1,154.88,148.9,463263.0,0.011899999999999999,7021977500.0
2024-12-11,148.02,149.4,151.5,148.02,199993.0,0.0052,2993662400.0
2024-12-12,149.44,151.82,152.0,148.47,253653.0,0.006500000000000001,3819524000.0
2024-12-13,150.35,148.04,150.68,148.0,284227.0,0.0073,4230330400.0
2024-12-16,148.03,144.59,148.04,144.02,264773.0,0.0068000000000000005,3846200000.0
2024-12-17,144.58,144.89,146.75,143.6,159493.0,0.0040999999999999995,2318651700.0
2024-12-18,145.0,145.2,146.28,144.56,120676.0,0.0031,1755251300.0
2024-12-19,144.1,143.55,144.41,143.31,151982.0,0.0039000000000000003,2184469800.0
2024-12-20,143.7,143.21,144.47,142.72,172836.0,0.0045000000000000005,2479372400.0
2024-12-23,142.32,142.45,143.94,142.25,142601.0,0.0037,2039345000.0
2024-12-24,142.35,143.48,143.5,141.71,143330.0,0.0037,2045707400.0
2024-12-25,143.48,143.08,143.88,142.58,96140.0,0.0025,1376290799.9999998
2024-12-26,143.12,142.49,143.23,141.85,104768.0,0.0027,1493951300.0
2024-12-27,142.6,142.52,142.95,141.57,134451.0,0.0034999999999999996,1912028000.0
2024-12-30,142.02,141.21,143.17,141.0,163672.0,0.0042,2320655200.0
2024-12-31,141.22,140.04,143.6,140.01,245219.0,0.0063,3472955700.0
2025-01-02,140.0,136.99,140.0,136.3,255647.0,0.0066,3517885000.0
2025-01-03,137.08,135.4,137.96,134.75,168230.0,0.0043,2295817800.0
2025-01-06,131.9,130.83,133.96,130.38,279430.0,0.0072,3679523500.0
2025-01-07,131.2,130.85,131.66,129.6,190187.0,0.0049,2478571200.0
2025-01-08,130.86,129.7,131.74,128.02,192876.0,0.005,2504007300.0
2025-01-09,129.91,130.58,132.35,128.15,159183.0,0.0040999999999999995,2080588900.0000002
2025-01-10,130.5,128.6,130.83,128.6,135378.0,0.0034999999999999996,1753729800.0
2025-01-13,127.32,129.2,129.5,126.96,121491.0,0.0031,1562285300.0
2025-01-14,129.3,133.02,133.3,128.9,228625.0,0.0059,3014664400.0
2025-01-15,133.3,132.77,133.68,132.22,128123.0,0.0033,1701391099.9999998
2025-01-16,133.4,131.48,134.3,131.06,163096.0,0.0042,2160311200.0
2025-01-17,132.0,132.3,133.88,131.55,152450.0,0.0039000000000000003,2021963299.9999998
2025-01-20,132.88,134.3,135.49,132.73,194174.0,0.005,2611169700.0
2025-01-21,134.85,133.39,135.0,132.8,132797.0,0.0034000000000000002,1774069700.0
2025-01-22,132.95,130.35,133.0,130.13,174182.0,0.0045000000000000005,2277963600.0
2025-01-23,129.0,128.65,130.99,128.47,184489.0,0.0048,2387735900.0
2025-01-24,127.8,127.72,128.58,126.49,189436.0,0.0049,2418169300.0
2025-01-27,128.0,127.2,128.55,127.1,126535.0,0.0033,1616070900.0
2025-02-05,127.55,125.01,127.88,124.51,186916.0,0.0048,2343981900.0
2025-02-06,124.8,125.9,126.39,124.69,138191.0,0.0036,1734038700.0
2025-02-07,126.0,127.63,128.88,125.12,232473.0,0.006,2960433900.0
2025-02-10,127.68,127.53,128.2,126.9,136546.0,0.0034999999999999996,1740615100.0
2025-02-11,127.6,126.26,128.07,125.72,176002.0,0.0045000000000000005,2221320200.0
2025-02-12,126.26,127.7,127.71,125.6,177353.0,0.0046,2240677200.0
2025-02-13,127.72,131.51,132.0,127.25,467626.0,0.012,6110655100.0
2025-02-14,130.55,131.23,132.2,130.1,218107.0,0.005600000000000001,2857398900.0
2025-02-17,131.89,131.55,133.53,131.09,205078.0,0.0053,2710093100.0
2025-02-18,131.48,130.2,132.39,129.36,185961.0,0.0048,2435399300.0
2025-02-19,130.2,131.11,131.5,129.34,153642.0,0.004,2003027100.0
2025-02-20,130.39,130.5,132.79,130.3,132530.0,0.0034000000000000002,1737767300.0
2025-02-21,130.6,131.12,132.66,129.93,210017.0,0.0054,2756687300.0
2025-02-24,130.9,131.9,133.49,130.36,244392.0,0.0063,3229422500.0
2025-02-25,130.88,128.75,130.92,128.58,221901.0,0.005699999999999999,2872796599.9999995
2025-02-26,128.71,129.8,129.8,128.1,179243.0,0.0046,2311292300.0
2025-02-27,129.99,132.75,133.09,129.8,370795.0,0.0096,4909364800.0
2025-02-28,132.6,131.58,135.7,131.5,337202.0,0.0087,4510232400.0
2025-03-03,131.58,130.84,135.6,130.35,210355.0,0.0054,2780161100.0
2025-03-04,130.06,129.75,130.36,128.71,149348.0,0.0038,1933207000.0
2025-03-05,129.75,128.61,130.0,127.62,199366.0,0.0051,2558423700.0
2025-03-06,129.33,131.68,131.8,128.65,235857.0,0.0060999999999999995,3075149500.0
2025-03-07,131.2,134.8,134.8,130.91,340073.0,0.0088,4536723500.0
2025-03-10,134.5,132.69,134.5,131.66,206353.0,0.0053,2735377400.0
2025-03-11,131.51,135.2,135.21,131.46,321036.0,0.0083,4304327300.0
2025-03-12,135.3,132.97,136.21,132.62,288018.0,0.0074,3844719000.0
2025-03-13,132.97,132.39,134.32,132.25,167923.0,0.0043,2233018500.0
2025-03-14,133.0,140.8,141.98,133.0,765516.0,0.0197,10604804500.0
2025-03-17,142.4,139.84,142.96,139.38,387730.0,0.01,5457575200.0
2025-03-18,140.22,139.55,140.55,138.72,186735.0,0.0048,2608207800.0
2025-03-19,139.55,138.92,140.79,138.36,168157.0,0.0043,2339543000.0
2025-03-20,138.88,135.99,139.0,135.86,228722.0,0.0059,3130766800.0
2025-03-21,135.7,134.6,137.5,134.19,197130.0,0.0051,2669031200.0
2025-03-24,134.06,134.31,134.93,133.03,180489.0,0.0046,2417592700.0
2025-03-25,134.6,133.56,134.7,132.6,175671.0,0.0045000000000000005,2342967000.0
2025-03-26,133.54,133.35,133.88,132.89,108826.0,0.0028000000000000004,1452491500.0
2025-03-27,133.08,133.9,134.77,132.5,140866.0,0.0036,1882916900.0
2025-03-28,134.08,133.23,134.25,132.4,120996.0,0.0031,1610808299.9999998
2025-03-31,133.21,131.35,133.38,131.35,144855.0,0.0037,1912983599.9999998
2025-04-01,131.43,131.79,132.25,131.14,121705.0,0.0031,1602817000.0
2025-04-02,131.87,131.15,132.55,131.06,101025.0,0.0026,1328718400.0
2025-04-03,129.55,132.0,133.48,129.39,165623.0,0.0043,2187566500.0
2025-04-07,128.5,126.78,130.45,123.8,463093.0,0.011899999999999999,5889478900.0
2025-04-08,126.78,130.76,131.24,126.78,331857.0,0.0085,4295612000.0
2025-04-09,129.5,132.25,132.84,129.35,296999.0,0.0077,3910869699.9999995
2025-04-10,132.3,133.15,133.49,130.5,233106.0,0.006,3091985100.0
2025-04-11,132.2,131.6,133.47,130.58,174293.0,0.0045000000000000005,2296050300.0
2025-04-14,131.5,131.04,132.67,131.01,125781.0,0.0032,1655429100.0
2025-04-15,131.0,131.35,131.45,130.08,114825.0,0.003,1502439500.0
2025-04-16,130.8,132.3,132.55,129.68,166680.0,0.0043,2177739500.0
2025-04-17,131.33,132.53,132.99,131.0,152923.0,0.0039000000000000003,2022126200.0
2025-04-18,132.01,131.75,132.57,131.21,89478.0,0.0023,1179998300.0
2025-04-21,131.59,130.34,132.0,130.14,144364.0,0.0037,1887006400.0000002
2025-04-22,130.2,130.1,130.74,129.5,115855.0,0.003,1507639700.0
2025-04-23,130.48,129.97,130.7,129.55,95944.0,0.0025,1246940600.0
2025-04-24,129.8,129.06,130.2,129.01,131524.0,0.0034000000000000002,1703623400.0
2025-04-25,129.2,129.05,130.22,128.96,107183.0,0.0028000000000000004,1388082600.0
2025-04-28,130.11,130.85,131.66,129.9,185045.0,0.0048,2422404100.0
2025-04-29,130.15,129.55,130.6,129.29,124796.0,0.0032,1619377300.0
2025-04-30,129.61,128.7,130.3,128.67,146627.0,0.0038,1893634500.0
2025-05-06,129.0,129.49,129.55,128.07,146349.0,0.0038,1889145100.0
2025-05-07,130.9,129.99,131.81,129.8,152470.0,0.0039000000000000003,1990961000.0
2025-05-08,129.71,131.8,133.0,129.28,208023.0,0.0054,2735442100.0
2025-05-09,131.8,131.58,132.1,131.01,110548.0,0.0028000000000000004,1454604400.0
2025-05-12,132.0,132.97,133.25,131.5,164560.0,0.0042,2182417200.0
2025-05-13,133.66,132.99,133.66,132.43,120395.0,0.0031,1599600100.0
2025-05-14,132.71,135.26,137.18,132.17,291490.0,0.0075,3932377800.0000005
2025-05-15,135.01,133.67,135.59,133.61,144944.0,0.0037,1947912200.0
2025-05-16,133.38,131.08,133.59,131.05,173543.0,0.0045000000000000005,2288769500.0
2025-05-19,129.2,129.3,130.1,128.88,237008.0,0.0060999999999999995,3062514400.0
2025-05-20,129.0,129.13,129.63,128.87,159369.0,0.0040999999999999995,2058475900.0
2025-05-21,129.13,129.26,129.88,129.0,141693.0,0.0037,1832618599.9999998
2025-05-22,129.27,129.09,129.47,128.84,96055.0,0.0025,1239750900.0
2025-05-23,129.05,128.15,129.66,128.15,150380.0,0.0039000000000000003,1937195799.9999998
2025-05-26,127.97,126.41,128.15,125.89,273615.0,0.006999999999999999,3460707600.0
2025-05-27,126.28,126.16,126.95,125.89,151268.0,0.0039000000000000003,1908812000.0
2025-05-28,126.3,126.92,127.13,125.5,181385.0,0.004699999999999999,2291200500.0
2025-05-29,126.6,127.32,127.5,125.9,160347.0,0.0040999999999999995,2036182300.0
2025-05-30,127.0,126.44,127.55,126.0,146828.0,0.0038,1858195500.0
2025-06-03,125.18,124.68,125.55,124.57,237483.0,0.0060999999999999995,2965933500.0
2025-06-04,124.68,124.55,125.22,124.1,193503.0,0.005,2410315600.0
2025-06-05,124.55,125.03,125.5,124.19,202312.0,0.0052,2525601300.0
2025-06-06,124.97,125.09,125.85,124.7,118885.0,0.0031,1488927400.0
2025-06-09,125.09,124.96,125.2,124.61,198429.0,0.0051,2477799300.0
2025-06-10,124.8,124.39,125.1,124.28,171053.0,0.0044,2132365700.0
2025-06-11,124.4,124.7,125.2,124.2,145473.0,0.0037,1816144300.0
2025-06-12,124.5,122.5,124.55,122.38,380660.0,0.0098,4680660200.0
2025-06-13,121.89,119.12,121.9,119.02,366962.0,0.0095,4395342700.0
2025-06-16,117.83,118.27,118.44,117.0,271489.0,0.006999999999999999,3192006599.9999995
2025-06-17,118.21,117.71,118.84,117.43,196502.0,0.0051,2316678400.0
2025-06-18,118.69,118.33,119.44,117.87,200491.0,0.0052,2378709200.0
2025-06-19,117.55,117.28,118.45,117.1,163572.0,0.0042,1926506400.0000002
2025-06-20,117.5,119.56,120.0,117.38,296814.0,0.0076,3536127300.0
2025-06-23,118.9,118.28,119.09,117.79,173387.0,0.0045000000000000005,2053039400.0
2025-06-24,118.57,119.75,119.99,118.4,178958.0,0.0046,2138966800.0
2025-06-25,120.0,120.18,120.22,118.88,178647.0,0.0046,2135738700.0
2025-06-26,120.11,119.73,120.64,119.63,166373.0,0.0043,1997480100.0
2025-06-27,119.71,119.18,119.93,119.04,160216.0,0.0040999999999999995,1913692000.0
2025-06-30,119.18,118.9,119.58,118.28,223680.0,0.0058,2660701200.0
2025-07-01,118.99,118.63,118.99,118.28,122183.0,0.0031,1449250700.0
2025-07-02,118.63,119.18,119.9,118.51,154477.0,0.004,1840969000.0
2025-07-03,119.18,119.62,119.83,118.9,122430.0,0.0032,1463537900.0
2025-07-04,119.29,120.39,120.75,119.19,170679.0,0.0044,2049279000.0
2025-07-07,120.21,119.91,120.52,119.81,85811.0,0.0022,1030097700.0
2025-07-08,119.85,120.78,120.87,119.83,116631.0,0.003,1404970400.0
2025-07-09,120.83,121.6,122.85,120.49,203496.0,0.0052,2482658900.0
2025-07-10,121.03,122.58,122.88,120.9,162716.0,0.0042,1983620000.0
2025-07-11,122.57,124.3,124.98,122.22,287189.0,0.0074,3562808100.0
2025-07-14,124.36,125.41,125.54,123.4,219140.0,0.005600000000000001,2734366900.0
2025-07-15,124.82,125.0,125.52,124.32,193328.0,0.005,2415360200.0
2025-07-16,124.6,125.28,125.88,124.6,178699.0,0.0046,2237883000.0
2025-07-17,125.28,125.82,126.11,124.87,172999.0,0.0045000000000000005,2171582200.0
2025-07-18,122.88,123.78,124.65,121.86,210209.0,0.0054,2597764500.0
2025-07-21,123.78,122.56,123.79,122.25,187784.0,0.0048,2304021400.0
2025-07-22,122.56,125.53,125.89,122.56,303772.0,0.0078000000000000005,3784887000.0
2025-07-23,125.7,125.2,126.88,125.13,229067.0,0.0059,2887980100.0
2025-07-24,125.15,125.55,125.76,124.5,156012.0,0.004,1955643599.9999998
2025-07-25,125.55,123.54,125.6,123.47,184007.0,0.004699999999999999,2284994400.0
2025-07-28,123.52,124.06,124.17,122.0,178511.0,0.0046,2196293700.0
2025-07-29,123.5,123.52,123.99,122.2,185151.0,0.0048,2276717900.0
2025-07-30,123.56,124.52,125.15,123.28,224124.0,0.0058,2789922600.0
2025-07-31,124.02,121.15,124.1,120.85,304687.0,0.0078000000000000005,3717608000.0
2025-08-01,121.14,121.0,121.62,120.39,123226.0,0.0032,1491109300.0
2025-08-04,120.63,120.92,121.23,120.45,85933.0,0.0022,1038364800.0
2025-08-05,120.95,121.95,122.22,120.95,139446.0,0.0036,1698256500.0
2025-08-06,121.97,122.16,122.5,121.49,119684.0,0.0031,1460865600.0
2025-08-07,122.13,122.55,123.14,121.95,115703.0,0.003,1419842900.0
2025-08-08,122.55,122.22,122.88,121.96,82426.0,0.0021,1008572400.0
2025-08-11,122.15,123.94,124.35,122.11,182660.0,0.004699999999999999,2257903800.0
2025-08-12,123.9,123.19,125.33,123.01,211374.0,0.0054,2625229699.9999995
2025-08-13,123.01,123.19,123.47,122.52,155823.0,0.004,1916294700.0
2025-08-14,123.18,122.84,124.85,122.77,199063.0,0.0051,2461442400.0
2025-08-15,122.54,123.1,123.3,121.9,193943.0,0.005,2376497600.0
2025-08-18,123.1,123.75,124.66,122.81,255301.0,0.0066,3163846000.0
2025-08-19,123.77,124.41,125.75,123.77,327242.0,0.0084,4087821000.0
2025-08-20,124.42,125.78,126.5,123.35,404310.0,0.0104,5083056600.0
2025-08-21,125.8,125.45,126.13,124.86,231895.0,0.006,2908492500.0
2025-08-22,125.45,125.79,125.82,124.95,204850.0,0.0053,2567683400.0
2025-08-25,126.18,129.93,130.09,126.18,479800.0,0.0124,6165955100.0
2025-08-26,129.93,129.74,131.85,128.65,349794.0,0.009000000000000001,4552425100.0
2025-08-27,129.5,126.62,129.5,126.6,346847.0,0.0089,4441325700.0
2025-08-28,126.61,125.47,127.2,124.0,345835.0,0.0089,4340085800.0
2025-08-29,126.18,129.53,129.8,126.12,435251.0,0.011200000000000002,5610236600.0
2025-09-01,130.0,128.87,130.1,127.52,316942.0,0.008199999999999999,4074402900.0
2025-09-02,128.41,128.56,131.12,128.11,349162.0,0.009000000000000001,4522779400.0
2025-09-03,129.0,126.62,131.5,126.39,302863.0,0.0078000000000000005,3883434400.0
2025-09-04,126.3,125.51,126.5,124.73,261873.0,0.0067,3286629600.0
2025-09-05,125.4,126.81,127.02,124.8,201734.0,0.0052,2537085200.0
2025-09-08,126.7,129.09,129.15,126.26,305364.0,0.0079,3923785800.0
2025-09-09,129.08,128.8,129.38,127.58,184406.0,0.0048,2368186100.0
2025-09-10,128.8,128.06,129.48,127.66,199645.0,0.0051,2565580200.0
2025-09-11,127.42,128.52,128.54,126.8,229973.0,0.0059,2932816200.0
2025-09-12,128.5,127.19,129.67,127.12,262704.0,0.0068000000000000005,3359523000.0
2025-09-15,126.6,126.65,127.1,126.05,166569.0,0.0043,2109473500.0
2025-09-16,126.65,125.8,126.85,125.4,191087.0,0.0049,2405374700.0
2025-09-17,125.81,125.96,126.33,124.82,181336.0,0.004699999999999999,2276167400.0
2025-09-18,125.95,123.94,125.96,123.53,275478.0,0.0070999999999999995,3434002500.0
2025-09-19,123.93,124.08,124.6,122.8,196688.0,0.0051,2431127000.0
2025-09-22,123.6,122.5,123.7,122.18,196433.0,0.0051,2412049800.0
2025-09-23,122.01,122.19,123.26,121.56,172079.0,0.0044,2101237700.0
2025-09-24,122.19,122.37,122.85,121.8,130564.0,0.0034000000000000002,1597546900.0
2025-09-25,122.4,121.52,122.66,121.51,194555.0,0.005,2371492800.0
2025-09-26,121.52,120.17,121.67,120.02,261925.0,0.0067,3154954000.0
2025-09-29,120.26,121.92,122.57,119.79,256358.0,0.0066,3105049099.9999995
2025-09-30,121.44,121.48,121.83,120.87,154571.0,0.004,1875945200.0
2025-10-09,121.44,121.16,121.44,119.89,203757.0,0.0052,2455273200.0
2025-10-10,121.14,120.73,122.12,120.65,175360.0,0.0045000000000000005,2126979100.0
2025-10-13,119.65,119.85,120.4,119.24,195835.0,0.005,2345294300.0
2025-10-14,120.57,122.07,122.57,120.02,291656.0,0.0075,3543893400.0000005
2025-10-15,121.34,122.07,122.65,121.06,194596.0,0.005,2371853800.0
2025-10-16,121.75,122.74,122.75,121.5,198478.0,0.0051,2427170000.0
2025-10-17,122.0,121.07,122.96,121.06,180408.0,0.0046,2197211400.0
2025-10-20,121.35,120.46,121.55,120.1,131645.0,0.0034000000000000002,1589202800.0
2025-10-21,120.78,120.52,121.5,120.35,147294.0,0.0038,1780274200.0000002
2025-10-22,120.0,120.1,120.77,119.9,127827.0,0.0033,1536553800.0
2025-10-23,120.0,121.33,121.45,119.96,155718.0,0.004,1879433000.0
2025-10-24,120.97,120.29,121.28,120.1,174322.0,0.0045000000000000005,2099912700.0
2025-10-27,120.05,120.29,120.55,119.88,143943.0,0.0037,1729967300.0
2025-10-28,120.29,120.1,120.69,120.01,140195.0,0.0036,1686492000.0
2025-10-29,119.86,118.83,119.95,118.21,245083.0,0.0063,2910549099.9999995
2025-10-30,118.01,118.47,119.55,118.0,204330.0,0.0053,2423170700.0
2025-10-31,115.4,118.99,119.64,115.4,421077.0,0.0108,4986642200.0
2025-11-03,118.5,118.98,119.6,117.5,223270.0,0.0058,2646147000.0
2025-11-04,118.78,117.16,118.99,117.01,172734.0,0.0045000000000000005,2034069100.0
2025-11-05,116.35,116.18,117.0,116.0,164630.0,0.0042,1915561300.0
2025-11-06,116.51,116.17,117.3,116.06,154673.0,0.004,1803321900.0
2025-11-07,116.17,116.75,116.99,115.95,145436.0,0.0037,1694832000.0
2025-11-10,116.75,120.8,121.58,116.54,429065.0,0.0111,5132402600.0
2025-11-11,120.25,120.78,120.97,119.2,229268.0,0.0059,2754670100.0
2025-11-12,120.79,120.38,122.5,120.35,222544.0,0.005699999999999999,2700551200.0
2025-11-13,120.0,121.2,121.27,119.63,160023.0,0.0040999999999999995,1928440000.0
2025-11-14,120.68,120.21,121.99,120.19,139244.0,0.0036,1683294900.0
2025-11-17,120.02,120.15,120.53,119.01,117388.0,0.003,1406740300.0
2025-11-18,120.0,120.36,121.75,119.76,147669.0,0.0038,1784779000.0
2025-11-19,120.32,119.89,120.49,119.7,95150.0,0.0025,1142098900.0
2025-11-20,119.88,120.25,121.64,119.6,158258.0,0.0040999999999999995,1909518400.0
2025-11-21,120.11,119.68,121.41,119.41,205072.0,0.0053,2468277600.0
2025-11-24,119.75,118.52,120.46,118.5,173011.0,0.0045000000000000005,2066246200.0
2025-11-25,118.52,118.51,118.91,117.83,146609.0,0.0038,1735233700.0
2025-11-26,118.52,118.26,119.29,118.0,91698.0,0.0024,1085069900.0
2025-11-27,118.3,117.94,118.49,117.7,92157.0,0.0024,1087247000.0
2025-11-28,117.9,117.85,117.94,117.35,80296.0,0.0021,945107400.0
2025-12-01,117.8,117.65,118.62,117.1,120912.0,0.0031,1422932700.0
2025-12-02,117.6,116.57,117.77,116.5,124928.0,0.0032,1461213500.0
2025-12-03,116.72,115.6,117.05,115.5,165871.0,0.0043,1923087500.0
2025-12-04,115.61,114.45,115.75,114.12,169292.0,0.0044,1940544900.0
2025-12-05,114.47,114.96,115.37,114.21,117682.0,0.003,1351054900.0
2025-12-08,114.85,113.27,115.13,113.1,276979.0,0.0070999999999999995,3157374099.9999995
2025-12-09,113.0,110.88,113.08,110.5,304310.0,0.0078000000000000005,3390789000.0
2025-12-10,110.5,111.62,111.75,109.51,178696.0,0.0046,1984146099.9999998
2025-12-11,112.0,111.9,112.73,111.78,157884.0,0.0040999999999999995,1772255900.0
2025-12-12,112.3,111.6,113.7,111.6,257022.0,0.0066,2889348500.0
2025-12-15,112.3,112.45,113.26,112.05,215686.0,0.005600000000000001,2429077600.0
2025-12-16,112.0,113.0,113.09,111.66,145068.0,0.0037,1631458599.9999998
2025-12-17,113.0,113.4,113.75,112.1,153140.0,0.0039000000000000003,1732389500.0
2025-12-18,110.82,110.43,111.16,110.33,124629.0,0.0032,1379153299.9999998
2025-12-19,110.65,110.53,110.88,110.04,138187.0,0.0036,1526045400.0
2025-12-22,110.51,110.33,110.8,110.12,108465.0,0.0028000000000000004,1197376800.0
2025-12-23,110.13,109.72,110.43,109.33,113540.0,0.0029,1248444900.0
2025-12-24,109.5,109.28,109.59,108.78,117905.0,0.003,1286401400.0
2025-12-25,109.28,110.6,110.7,109.2,125708.0,0.0032,1385102000.0
2025-12-26,110.1,109.78,110.49,109.44,114759.0,0.003,1261539600.0
2025-12-29,109.44,108.06,109.6,108.0,195453.0,0.005,2119598400.0
2025-12-30,107.9,107.36,107.99,107.02,158470.0,0.0040999999999999995,1700875900.0
2025-12-31,107.19,105.94,107.25,105.61,208677.0,0.0054,2214652700.0
2026-01-05,105.9,107.9,108.19,105.7,222669.0,0.005699999999999999,2390973400.0
2026-01-06,107.92,108.17,108.43,106.92,186232.0,0.0048,2006335300.0
2026-01-07,108.18,107.52,108.34,107.4,123092.0,0.0032,1326159400.0
2026-01-08,107.38,106.9,107.38,106.66,129121.0,0.0033,1379204600.0
2026-01-09,107.05,107.14,108.55,106.88,160750.0,0.0040999999999999995,1727812900.0
2026-01-12,107.15,108.55,108.85,107.13,233356.0,0.006,2526732800.0
2026-01-13,108.99,108.0,109.22,107.82,197374.0,0.0051,2140822600.0
2026-01-14,107.88,107.04,108.84,106.68,225609.0,0.0058,2430589600.0
2026-01-15,106.7,106.09,107.22,106.02,162929.0,0.0042,1733698599.9999998
2026-01-16,106.25,105.16,106.41,105.05,198710.0,0.0051,2096582200.0
2026-01-19,104.99,104.55,105.38,104.34,182299.0,0.004699999999999999,1908481800.0
2026-01-20,104.5,104.91,105.47,104.3,172817.0,0.0045000000000000005,1813980700.0
2026-01-21,104.62,103.05,104.7,103.0,262283.0,0.0068000000000000005,2711884900.0
2026-01-22,103.07,102.76,103.72,102.61,186915.0,0.0048,1926511800.0
2026-01-23,102.8,102.99,103.71,102.7,214559.0,0.0055000000000000005,2214166400.0
2026-01-26,102.96,102.34,103.5,101.06,312961.0,0.008100000000000001,3203042500.0
2026-01-27,102.12,101.02,102.33,101.02,225287.0,0.0058,2283722000.0
2026-01-28,101.03,100.7,101.85,100.63,266767.0,0.0069,2696600400.0
2026-01-29,100.7,110.77,110.77,100.5,986604.0,0.0254,10450873900.0
2026-01-30,110.77,105.0,110.78,105.0,668171.0,0.0172,7156298300.0
2026-02-02,105.08,107.29,110.76,105.08,531977.0,0.0137,5754087600.0
2026-02-03,107.08,107.28,108.78,106.6,331643.0,0.0085,3556634099.9999995
2026-02-04,106.5,108.52,109.41,106.28,378917.0,0.0098,4088740200.0
2026-02-05,107.9,108.89,110.55,107.66,372846.0,0.0096,4071834699.9999995
2026-02-06,108.9,107.0,109.73,106.81,276522.0,0.0070999999999999995,2975510000.0
2026-02-09,106.8,107.36,107.69,106.47,208892.0,0.0054,2237802100.0
2026-02-10,107.18,106.5,107.18,105.79,185040.0,0.0048,1967153200.0
2026-02-11,106.31,106.04,106.65,105.85,114996.0,0.003,1219688900.0
2026-02-12,105.9,104.62,106.11,104.4,181730.0,0.004699999999999999,1906604100.0
2026-02-13,104.7,106.06,106.88,104.17,241240.0,0.0062,2557578400.0
2026-02-24,108.18,105.16,109.19,105.0,210144.0,0.0054,2233159200.0
2026-02-25,105.0,105.17,106.11,104.87,161529.0,0.0042,1703140900.0
2026-02-26,105.0,103.88,105.33,103.6,192325.0,0.005,2004360000.0
2026-02-27,103.88,104.05,104.55,103.88,119188.0,0.0031,1242973400.0
2026-03-02,103.0,103.22,104.6,102.34,204064.0,0.0053,2106133100.0
2026-03-03,103.01,102.55,104.38,101.9,230595.0,0.0059,2370559100.0
2026-03-04,102.0,101.02,102.01,100.75,183018.0,0.004699999999999999,1850959700.0
2026-03-05,101.62,101.45,101.97,101.15,100521.0,0.0026,1020367700.0
2026-03-06,101.34,102.4,102.49,101.05,112916.0,0.0029,1150357300.0
2026-03-09,101.32,101.52,102.6,101.27,177781.0,0.0046,1811068900.0000002
2026-03-10,101.88,102.05,102.39,101.76,111694.0,0.0029,1139370900.0
2026-03-11,102.05,102.18,102.35,101.59,107801.0,0.0028000000000000004,1099530000.0
2026-03-12,102.0,102.27,102.73,101.6,116614.0,0.003,1189182200.0
2026-03-13,102.06,102.95,103.66,101.85,153187.0,0.0039000000000000003,1577733400.0
2026-03-16,102.8,104.54,105.31,102.7,203049.0,0.0052,2119088700.0
2026-03-17,104.54,104.79,105.82,104.0,177702.0,0.0046,1867733100.0
2026-03-18,104.79,103.72,104.99,103.4,117209.0,0.003,1217253900.0
2026-03-19,103.01,102.53,103.41,102.51,114373.0,0.0029,1176973900.0
2026-03-20,102.53,102.4,103.18,101.9,102865.0,0.0027,1053023000.0
2026-03-23,101.4,100.23,101.78,100.04,205190.0,0.0053,2064662000.0
2026-03-24,100.88,101.34,101.46,100.04,117508.0,0.003,1184095500.0
2026-03-25,101.35,102.45,102.58,100.88,108590.0,0.0028000000000000004,1107451800.0
2026-03-26,102.2,101.28,102.89,101.28,95924.0,0.0025,977853700.0
2026-03-27,100.5,102.65,102.88,100.41,102958.0,0.0027,1052956400.0
2026-03-30,101.99,103.46,103.9,101.8,124907.0,0.0032,1286843200.0
2026-03-31,105.0,103.27,105.8,103.27,178348.0,0.0046,1865043700.0
2026-04-01,103.97,104.39,105.18,103.39,122667.0,0.0032,1279526800.0
2026-04-02,104.0,105.0,105.26,103.88,151783.0,0.0039000000000000003,1589237200.0
2026-04-03,104.97,103.49,104.97,103.29,83089.0,0.0021,864181100.0
2026-04-07,103.4,103.11,103.9,102.35,81548.0,0.0021,839975500.0
2026-04-08,103.9,104.19,104.2,103.51,97740.0,0.0025,1016515700.0000001
2026-04-09,103.38,102.6,103.69,102.5,98462.0,0.0025,1012935800.0
2026-04-10,102.61,102.07,102.95,102.0,122424.0,0.0032,1253630000.0
2026-04-13,101.64,102.42,102.45,101.08,122634.0,0.0032,1247104400.0
2026-04-14,102.42,103.1,103.4,101.88,120696.0,0.0031,1238173600.0
2026-04-15,102.9,103.55,103.99,102.68,115713.0,0.003,1196292300.0
2026-04-16,103.5,103.44,104.0,103.22,90166.0,0.0023,934168900.0
2026-04-17,101.5,101.86,102.25,101.2,167432.0,0.0043,1704502600.0
2026-04-20,101.82,101.35,101.95,101.05,116961.0,0.003,1186004500.0
2026-04-21,101.3,101.18,101.82,101.0,108281.0,0.0028000000000000004,1095969200.0
2026-04-22,101.0,100.64,101.08,100.46,144383.0,0.0037,1452833700.0
2026-04-23,100.64,101.18,102.3,100.56,174023.0,0.0045000000000000005,1764308599.9999998
2026-04-24,100.65,101.27,101.92,100.3,134533.0,0.0034999999999999996,1361341900.0
2026-04-27,100.5,100.2,100.53,100.05,191048.0,0.0049,1913778900.0000002
2026-04-28,100.08,100.2,100.29,99.9,123415.0,0.0032,1234366100.0
2026-04-29,97.88,98.34,98.58,97.04,338635.0,0.0087,3316572000.0
2026-04-30,97.74,97.08,97.95,97.0,248209.0,0.0064,2413614800.0
2026-05-06,90.78,92.26,94.5,90.1,871599.0,0.0225,7989429600.0
2026-05-07,92.43,92.6,93.85,92.43,536278.0,0.0138,4986385400.0
2026-05-08,92.6,92.13,92.8,91.66,259641.0,0.0067,2396026800.0
2026-05-11,92.03,91.81,92.29,91.37,269325.0,0.0069,2469941100.0
2026-05-12,91.8,90.56,91.93,90.5,372974.0,0.0096,3387693500.0
2026-05-13,90.57,89.15,90.83,88.74,467201.0,0.012,4173652000.0
2026-05-14,88.81,88.99,91.28,87.78,503148.0,0.013000000000000001,4478188800.0
2026-05-15,88.0,86.87,88.08,86.62,361179.0,0.009300000000000001,3145651200.0
2026-05-18,86.65,85.57,86.65,85.2,393631.0,0.0101,3374154000.0
2026-05-19,85.8,85.78,87.25,85.41,304941.0,0.0079,2630415300.0000005
2026-05-20,85.21,85.47,86.06,84.54,304617.0,0.0078000000000000005,2599236000.0
2026-05-21,85.51,85.35,87.2,85.23,326630.0,0.0084,2812402000.0
2026-05-22,85.58,84.03,85.6,84.03,260371.0,0.0067,2196206600.0
2026-05-25,83.63,84.14,84.99,83.02,292025.0,0.0075,2456799800.0
2026-05-26,83.74,83.36,84.59,82.88,277304.0,0.0070999999999999995,2315776900.0
2026-05-27,83.0,83.89,86.25,81.7,603801.0,0.015600000000000001,5045124400.0
2026-05-28,82.56,81.49,82.83,81.3,362379.0,0.009300000000000001,2969342500.0
2026-05-29,80.99,84.89,85.59,80.88,601101.0,0.0155,5028433900.0
2026-06-01,83.95,83.41,83.95,82.83,279987.0,0.0072,2332216900.0
2026-06-02,83.38,82.71,83.98,82.42,238179.0,0.0060999999999999995,1977315300.0
2026-06-03,82.6,82.35,82.97,81.62,211544.0,0.0055000000000000005,1737250500.0
2026-06-04,82.35,81.1,82.79,81.1,204211.0,0.0053,1668519900.0
2026-06-05,81.5,81.08,82.42,81.03,219364.0,0.005699999999999999,1789684300.0
2026-06-08,81.01,79.96,81.69,79.56,275252.0,0.0070999999999999995,2207910700.0
2026-06-09,79.9,79.11,80.0,78.88,218412.0,0.005600000000000001,1731012000.0
2026-06-10,79.03,79.14,79.75,78.6,230726.0,0.0059,1830058900.0000002
2026-06-11,78.78,79.79,79.98,77.65,378196.0,0.0097,2978558100.0
2026-06-12,79.39,79.92,80.92,79.21,358344.0,0.0092,2870646300.0
2026-06-15,79.96,79.63,80.28,79.1,240611.0,0.0062,1916505200.0
2026-06-16,79.39,78.33,79.5,78.15,217566.0,0.005600000000000001,1708709300.0
2026-06-17,78.3,77.49,78.7,77.25,222588.0,0.005699999999999999,1727946000.0
2026-06-18,77.28,75.85,77.36,75.85,326843.0,0.0084,2499475200.0
2026-06-22,75.5,76.55,77.44,74.79,356276.0,0.0092,2704470500.0
2026-06-23,76.15,74.76,78.32,74.37,466103.0,0.012,3550233200.0
2026-06-24,74.54,73.3,75.45,73.28,300078.0,0.0077,2218704100.0
2026-06-25,73.05,75.0,75.68,72.9,491432.0,0.0127,3656493200.0
2026-06-26,74.9,73.17,75.72,73.13,323521.0,0.0083,2397332900.0
2026-06-29,73.03,74.0,75.3,71.75,427122.0,0.011000000000000001,3149108200.0
2026-06-30,73.5,74.0,74.92,72.44,362653.0,0.009300000000000001,2662167600.0
2026-07-01,73.87,74.52,74.88,72.58,380761.0,0.0098,2817061599.9999995
2026-07-02,74.94,73.5,75.44,73.34,350206.0,0.009000000000000001,2591988300.0
2026-07-03,73.64,73.21,74.71,72.6,338250.0,0.0087,2488093400.0
2026-07-06,72.91,73.76,74.57,72.64,345843.0,0.0089,2548673300.0
2026-07-07,73.59,71.72,73.6,71.68,356731.0,0.0092,2580655000.0
2026-07-08,71.7,71.48,72.27,71.22,232078.0,0.006,1663105700.0
2026-07-09,71.0,70.9,71.5,70.52,241921.0,0.0062,1713141700.0000002
2026-07-10,71.11,73.69,74.31,70.69,559655.0,0.0144,4085872500.0
2026-07-13,73.06,72.82,73.45,72.15,306023.0,0.0079,2224717900.0
2026-07-14,72.51,73.4,73.49,72.38,283568.0,0.0073,2068769800.0
2026-07-15,72.44,76.4,76.47,72.01,637349.0,0.016399999999999998,4805702900.0
2026-07-16,73.33,73.9,74.59,72.6,488921.0,0.0126,3599046000.0
2026-07-17,74.6,72.76,75.06,72.35,427399.0,0.011000000000000001,3130971200.0
2026-07-20,72.8,76.24,76.3,72.8,647586.0,0.0167,4885488100.0
2026-07-21,76.0,74.38,76.76,74.14,633783.0,0.0163,4759421700.0
2026-07-22,73.62,74.75,74.8,73.13,407823.0,0.0105,3020174400.0
2026-07-23,74.0,74.84,74.95,73.32,370321.0,0.0095,2746777000.0
2026-07-24,74.6,73.57,75.3,73.47,311399.0,0.008,2315849400.0
2026-07-27,73.66,73.9,74.46,73.51,203331.0,0.0052,1502725300.0
2026-07-28,73.9,74.8,75.16,73.42,314815.0,0.008100000000000001,2342923200.0
2026-07-29,74.92,75.17,75.86,74.69,407417.0,0.0105,3070589200.0
2026-07-30,75.1,78.56,78.84,75.01,729039.0,0.018799999999999997,5681290300.0
2026-07-31,76.99,78.0,78.68,76.59,497860.0,0.0128,3882961599.9999995
2026-08-03,78.0,78.06,78.66,77.5,279082.0,0.0072,2179962600.0
2026-08-04,78.06,76.88,78.1,76.67,352887.0,0.0091,2720290500.0
2026-08-05,76.89,75.5,76.96,75.2,433273.0,0.011200000000000002,3275120700.0
2026-08-06,75.51,74.48,75.78,74.28,406081.0,0.0105,3033081700.0
2026-08-07,75.0,75.11,75.2,74.01,360575.0,0.009300000000000001,2691877600.0
2026-08-10,75.32,76.19,76.7,75.27,450511.0,0.0116,3430639800.0
2026-08-11,76.16,75.0,76.16,74.99,336615.0,0.0087,2539084600.0
2026-08-12,74.76,75.28,75.9,74.5,312877.0,0.008100000000000001,2356263100.0
2026-08-13,75.0,75.12,76.13,74.89,325120.0,0.0084,2454570200.0
2026-08-14,75.01,73.75,75.03,73.7,360233.0,0.009300000000000001,2670378500.0
2026-08-17,72.39,72.55,72.8,71.87,332149.0,0.0086,2399834700.0
2026-08-18,72.41,72.56,72.78,72.14,192681.0,0.005,1395188500.0
2026-08-19,72.56,71.89,72.78,71.81,237201.0,0.0060999999999999995,1708666500.0
2026-08-20,71.91,72.09,72.47,71.91,160334.0,0.0040999999999999995,1156999400.0
2026-08-21,71.96,71.19,72.0,71.11,197098.0,0.0051,1405498900.0000002
2026-08-24,71.2,71.48,71.74,70.88,212574.0,0.0055000000000000005,1518522400.0
2026-08-25,71.5,71.52,71.8,71.19,180303.0,0.0046,1287974000.0
2026-08-26,70.98,71.9,72.05,70.93,196907.0,0.0051,1412878700.0
2026-08-27,71.81,71.12,71.82,70.96,320800.0,0.0083,2282088200.0
2026-08-28,71.12,71.51,71.69,70.93,230365.0,0.0059,1643217900.0
2026-08-31,71.42,71.27,71.59,70.9,252421.0,0.006500000000000001,1795566800.0
2026-09-01,71.18,71.83,72.44,71.04,301307.0,0.0078000000000000005,2163805200.0
2026-09-02,71.61,70.82,71.76,70.81,262205.0,0.0068000000000000005,1864459100.0
2026-09-03,70.82,70.68,71.11,70.55,180061.0,0.0046,1273832600.0
2026-09-04,70.68,71.98,72.45,70.6,451072.0,0.0116,3240922700.0
2026-09-07,71.81,71.46,72.09,70.93,262191.0,0.0068000000000000005,1870556700.0000002
2026-09-08,71.43,71.65,72.06,71.24,197159.0,0.0051,1413172700.0
2026-09-09,71.64,71.16,71.64,70.95,178677.0,0.0046,1270641200.0
2026-09-10,71.08,70.48,71.19,70.4,223065.0,0.005699999999999999,1574547300.0
2026-09-11,70.3,69.75,70.42,69.6,231311.0,0.006,1615170700.0
2026-09-14,69.76,69.85,70.0,69.6,117340.0,0.003,819060300.0
2026-09-15,69.95,69.7,69.98,69.6,96701.0,0.0025,674597100.0000001
2026-09-16,69.6,69.26,69.69,68.89,154126.0,0.004,1065690800.0
