date,hfq_factor
2026-05-28,11.2252870139698000
2025-05-27,10.6375216539451000
2024-05-28,10.1318668720720990
2023-05-26,9.6518715801696990
2022-12-06,9.0993399403324000
2022-05-26,8.8640633157175000
2021-05-25,8.5679626048716990
2020-06-23,8.4201996134240000
2019-10-25,8.2576380589770000
2019-05-24,8.2296901300879010
2018-10-26,8.1149357359295010
2018-05-24,8.0392182828153000
2017-05-25,7.9238687976892000
2016-05-13,5.9993047857918000
2015-05-29,5.9015279906799000
2014-05-19,5.8144728608003000
2013-05-17,5.6506225212347000
2012-05-17,5.5094638965558000
2011-05-23,4.9136837026079000
2010-05-27,4.8563573927442000
2009-04-24,3.7041216727461000
2008-03-28,3.6533106758634000
2007-04-18,1.8266553379317000
2006-05-29,1.8155069989758000
2005-08-08,1.7860344827586000
2005-06-22,1.3229885057471000
2004-08-17,1.0000000000000000
1900-01-01,1.0000000000000000
