date,qfq_factor
2026-06-12,1.0000000000000000
2026-02-06,1.0273935152277000
2025-06-20,1.0582453534474000
2024-07-09,1.1075742925263000
2023-06-19,1.1785026954960000
2022-06-16,1.2671029487709000
2021-06-29,1.3337248208551000
2020-07-15,1.3887818162394000
2019-06-19,1.4525780390495000
2018-06-15,1.5088858394396000
2017-06-14,1.5731568614341000
2016-06-06,1.6333970174589000
2015-05-27,1.6974723988511000
2014-07-18,1.7470653905141000
2013-07-03,1.8324692246944000
2012-05-07,2.8629825523672000
2011-05-06,2.9372154566683000
2010-06-02,5.3749131436992000
2010-04-12,5.7164900623702000
2009-06-11,5.7963962695602000
2008-05-27,5.8808644794469000
2007-05-21,5.9384670700016000
2007-02-05,5.9911993595577000
1900-01-01,5.9911993595577000
