,601166,601009,600519,000858,000651,002032,600886,600025,600276,600436
601166,1.0,0.6130356942499267,0.36749805193248625,0.35075406628807976,0.3482085914933863,0.24881986167236006,0.18072378701877137,0.15772535864000825,0.18060070663808453,0.2369288006909551
601009,0.6130356942499267,1.0,0.22440189584412176,0.21384954426574176,0.2843441220280271,0.15916878782313065,0.22000163934580755,0.18055011453236636,0.08912898328912108,0.17609947617208055
600519,0.36749805193248625,0.22440189584412176,1.0,0.8303350865062331,0.3553156578248764,0.34075066272074067,0.05521231021603298,0.07040863264302341,0.3859113850086713,0.5778615396030846
000858,0.35075406628807976,0.21384954426574176,0.8303350865062331,1.0,0.4011801788911773,0.35740209340383744,0.017982228459576307,0.05035676997120041,0.4330295777947276,0.603323089098033
000651,0.3482085914933863,0.2843441220280271,0.3553156578248764,0.4011801788911773,1.0,0.40584478817809855,0.12276416933109208,0.08331615804838817,0.26150384220854767,0.30498732397098094
002032,0.24881986167236006,0.15916878782313065,0.34075066272074067,0.35740209340383744,0.40584478817809855,1.0,0.08356172546428361,0.05041152842185368,0.2638950319152107,0.27352726010999673
600886,0.18072378701877137,0.22000163934580755,0.05521231021603298,0.017982228459576307,0.12276416933109208,0.08356172546428361,1.0,0.6465070934963272,0.004857266814876728,0.024223711533866182
600025,0.15772535864000825,0.18055011453236636,0.07040863264302341,0.05035676997120041,0.08331615804838817,0.05041152842185368,0.6465070934963272,1.0,0.04330923182614266,0.057677716421681346
600276,0.18060070663808453,0.08912898328912108,0.3859113850086713,0.4330295777947276,0.26150384220854767,0.2638950319152107,0.004857266814876728,0.04330923182614266,1.0,0.394794961187411
600436,0.2369288006909551,0.17609947617208055,0.5778615396030846,0.603323089098033,0.30498732397098094,0.27352726010999673,0.024223711533866182,0.057677716421681346,0.394794961187411,1.0
