date,等权组合,市值加权组合
2021-01-04,0.0012939708995230552,0.0015782311198468705
2021-01-05,0.012040999133400624,0.03235535625642497
2021-01-06,0.015656360711404707,0.017858181701937568
2021-01-07,0.011142472011083482,0.013851114974804688
2021-01-08,-0.006703115021613026,-0.020431988683247068
2021-01-11,-0.013326249890421173,-0.01270870979040241
2021-01-12,0.015562054032506245,0.02556382639850186
2021-01-13,0.006363088865166256,-0.00018561835067129823
2021-01-14,-0.017807361510330588,-0.02247163277137623
2021-01-15,0.0028105587065972775,-0.008291897722185365
2021-01-18,0.005937654331401309,-0.0018772766383859264
2021-01-19,-0.011342990815998145,-0.019390065134113694
2021-01-20,-0.0014995885484507592,0.0065526023226825155
2021-01-21,0.012097625708157336,0.01902421214710256
2021-01-22,-0.0028408475669647994,0.0022013184253469303
2021-01-25,0.013619708884057766,0.03454679585139207
2021-01-26,-0.01621607784732818,-0.020430254707342967
2021-01-27,-0.0013871980086761157,-0.018067507478775058
2021-01-28,-0.01177169229537428,-0.01062925506984905
2021-01-29,0.0032267990923446127,0.008657965215039816
2021-02-01,0.009672938978566126,0.0031837524913815867
2021-02-02,0.016820520390867257,0.022811714333188057
2021-02-03,0.007958496610245136,0.015361977731145433
2021-02-04,0.005062355405335396,0.030042001280727735
2021-02-05,0.019345850211940695,0.011695372662496057
2021-02-08,0.014800411452343953,0.017389670367610587
2021-02-09,0.01380663364456134,0.0275976994068449
2021-02-10,0.016678960537075727,0.03814497653699678
2021-02-18,-0.00878555879780606,-0.030520913394866615
2021-02-19,0.0011088734943592853,0.0016656855745669627
2021-02-22,-0.037410480705248716,-0.06496003630386882
2021-02-23,-0.0010318279074498114,0.005519387165949927
2021-02-24,-0.021982988632212555,-0.04414507960526374
2021-02-25,0.00031029840191078035,-0.0065558718960591796
2021-02-26,-0.02407700150614423,-0.020234083528074584
2021-03-01,0.005818267691561007,0.015212785764454919
2021-03-02,-0.011796187912188028,-0.03027855048597527
2021-03-03,0.02577982396094922,0.03072686883479771
2021-03-04,-0.020446630669002708,-0.04244513334548191
2021-03-05,-0.00786130477363699,0.0026195677377605486
2021-03-08,-0.030868010935735955,-0.05393068766884928
2021-03-09,-0.012124361108419992,-0.010270309990254984
2021-03-10,0.014375944781141117,0.01863183686235795
2021-03-11,0.03530005165171423,0.03576258562750508
2021-03-12,0.019179580741955516,-0.0032385323426628917
2021-03-15,-0.017330289661362255,-0.02566437506233126
2021-03-16,0.015536023449649727,0.021638330270282256
2021-03-17,0.001824205255682432,0.005724981105293694
2021-03-18,0.006875855650120223,0.014459044043087765
2021-03-19,-0.020850420502136455,-0.028210534276421634
2021-03-22,0.013372241623354108,-0.0010411698586083513
2021-03-23,-0.009507964361849674,0.0007276777916798414
2021-03-24,-0.006589100348297694,-0.007232857957538171
2021-03-25,-0.00459277842254845,-0.006902108316939415
2021-03-26,0.025321718379078685,0.026578060923514748
2021-03-29,0.010380790251231498,0.010780140668114578
2021-03-30,0.005787576067387857,0.00881809217024708
2021-03-31,0.0035150109635668455,-0.011312573892726618
2021-04-01,0.005582650282011914,0.013732731612895628
2021-04-02,0.008081235077891536,0.031889047873472944
2021-04-06,-0.00241068033168691,-0.009450261877663525
2021-04-07,0.0017773580507841162,-0.022328666432913973
2021-04-08,0.0020870021876870154,0.00548968977462442
2021-04-09,-0.010367066057539488,-0.019249668927354947
2021-04-12,-0.004538733519553417,-0.010630137782381041
2021-04-13,-0.007342061939958144,0.0008391487154288057
2021-04-14,-0.0007406447293873848,0.0012944467588424375
2021-04-15,-0.017281383611778858,-0.020112409206309318
2021-04-16,-0.00012501175684478396,0.012021629183099762
2021-04-19,0.012940784595434119,0.01491868791362679
2021-04-20,-0.0012683680540854117,0.0015845589098073527
2021-04-21,0.013316067816607258,0.005329179893659696
2021-04-22,-0.00565472129619471,-0.008670500710889349
2021-04-23,0.010986586300079138,0.021891490167514578
2021-04-26,-0.021541939069438035,-0.01759445854116934
2021-04-27,0.008604477861267334,0.01140442335271847
2021-04-28,0.010746794657058769,-0.0076426499980068365
2021-04-29,0.01152579868096182,0.0036824643024832124
2021-04-30,-0.013818086284552233,-0.009700333019563422
2021-05-06,-0.0021489848012673177,-0.01742900296592562
2021-05-07,-0.0037870505704443616,-0.017078610017902646
2021-05-10,0.00037962209728650267,-0.012167476359881923
2021-05-11,0.014914324038340624,0.0333231027648841
2021-05-12,0.00047002287335912195,0.007028574280684354
2021-05-13,-0.009610806057131048,-0.007684551850264816
2021-05-14,0.01851310051359996,0.024052089777630983
2021-05-17,0.010257848596921361,0.020364316191960406
2021-05-18,-0.0031510132686906832,0.0004724791838744622
2021-05-19,-0.008425412858015801,-0.005716679061709274
2021-05-20,0.002244737677483034,0.0027838792044543696
2021-05-21,-0.009617712225557086,-0.01226720456620254
2021-05-24,0.00346371828859543,0.01352103356151906
2021-05-25,0.03146232341213001,0.05020753755117229
2021-05-26,0.003725369113245436,0.004669899167940063
2021-05-27,0.0015257929254517853,0.005280141343224253
2021-05-28,-0.013199318895208324,-0.006672648804584966
2021-05-31,0.0008404911634570577,-0.0035073647031869334
2021-06-01,0.002348570983989851,0.005184319282066435
2021-06-02,-0.00760719469744926,-0.010922586813775807
2021-06-03,-0.0007261555501295262,0.00011475411934469331
2021-06-04,0.0045554275676102035,0.008869095999485236
2021-06-07,0.0006458207012372649,0.0027877285791995665
2021-06-08,-0.019680532234758512,-0.03153386992986281
2021-06-09,0.008185391274794441,0.003496701738040355
2021-06-10,0.014247842523420519,0.018490286726183587
2021-06-11,-0.007098111378201755,-0.0162658410601856
2021-06-15,-0.00811737089802387,-0.00214003176260348
2021-06-16,-0.002902814084311977,-0.013391024257515144
2021-06-17,0.0021520859913355507,0.0015247285726666742
2021-06-18,-0.01563797171708885,-0.021309438272827694
2021-06-21,-0.006697629917463077,-0.003769541289852765
2021-06-22,0.008218079615871454,0.004045860873889734
2021-06-23,0.002149902103667745,-0.011172920514469109
2021-06-24,0.002226243421890971,0.0053849014053472056
2021-06-25,0.0130547460137313,0.019653013240383228
2021-06-28,0.010241334897779009,0.007787728445667746
2021-06-29,-0.01653949485164493,-0.017345177550658987
2021-06-30,0.00567146603843357,0.0023440768068990325
2021-07-01,0.014814413870408471,0.017610400423336933
2021-07-02,-0.023796133265487185,-0.03745274364510373
2021-07-05,-0.010564786734320377,-0.011663717678466306
2021-07-06,0.0027821167764411226,0.001996003664903795
2021-07-07,0.0010808223941885186,0.0027749456057631515
2021-07-08,-0.015695419508028753,-0.020516309113584284
2021-07-09,-0.010721673650058862,-0.006092064282462287
2021-07-12,-0.0031581444784080648,7.8274565372184e-05
2021-07-13,0.00575583810009508,0.008279505352055898
2021-07-14,-0.010008125177677286,-0.0102775626606739
2021-07-15,0.013270946848866729,0.019338958066472
2021-07-16,-0.00927198911638093,-0.01504358774442331
2021-07-19,0.0086411800850682,0.012779962391898984
2021-07-20,-0.006831403300848993,0.0017211096099496409
2021-07-21,-0.003191430126460371,-0.004148995862494256
2021-07-22,-0.013689523442781295,-0.014585926651689177
2021-07-23,-0.019961596640626758,-0.021384376576247265
2021-07-26,-0.0436766626893019,-0.05392578671718219
2021-07-27,-0.04424800881618092,-0.05438706314251135
2021-07-28,0.023212993760006205,0.028198077220266043
2021-07-29,-0.005551089394204512,-0.009202122829885088
2021-07-30,-0.019455636663052358,-0.03589025937895627
2021-08-02,0.024677347537216513,0.03859371645196752
2021-08-03,0.009149961373355522,0.006891379374717552
2021-08-04,-0.006432950813973838,-0.014643728469386833
2021-08-05,-0.006353415957175178,-0.01367974753539907
2021-08-06,-0.004855304107613323,-0.010550666520490153
2021-08-09,0.021854688666207246,0.018389059929622722
2021-08-10,0.027164712999788076,0.05076984356607931
2021-08-11,-0.002134123190907033,-0.01509626866354408
2021-08-12,-0.015720752769295965,-0.027559058834787764
2021-08-13,-0.00039197538509629917,0.005333259930358966
2021-08-16,0.005081440743852039,0.0018159073840728437
2021-08-17,-0.026486953580030656,-0.03434869721035193
2021-08-18,0.011735923936760017,0.001364521550777475
2021-08-19,-0.014222658343379725,-0.011333507180509465
2021-08-20,-0.03442834805438703,-0.04950043618507097
2021-08-23,0.01604426974910449,0.011140469768380613
2021-08-24,0.017325685246185465,0.02305274852265262
2021-08-25,0.002498362635315288,0.01737699101706335
2021-08-26,-0.02844201296259175,-0.037745470049349604
2021-08-27,-0.0012560229029376035,-0.0009656467627672211
2021-08-30,-0.005902245528835438,-0.005376480533830623
2021-08-31,-0.004918327679723222,-0.01247929935487822
2021-09-01,0.022359676418578656,0.03256175834615187
2021-09-02,-0.007229645204641156,-0.009647062641582103
2021-09-03,0.008174795099611998,0.016378883395530442
2021-09-06,0.0200904579363455,0.01595920045147233
2021-09-07,0.0062985859896937954,0.0032517276265819454
2021-09-08,0.009630291386747016,-0.013451927618890535
2021-09-09,-0.005222999227310233,-0.002307034493305085
2021-09-10,0.0024365660870118147,0.015125372995710807
2021-09-13,-0.005867659707495044,-0.007543585939391022
2021-09-14,-0.014586346145029872,-0.0075889925635809
2021-09-15,-0.023100311032208633,-0.025186837948573553
2021-09-16,-0.004518528019538471,0.0028717376109272806
2021-09-17,0.027491435937394983,0.02585876312593991
2021-09-22,0.004129803516159501,-0.02052454307357374
2021-09-23,0.006254907856721538,0.0006700142155154667
2021-09-24,-0.0006611729742311179,0.022128170341005567
2021-09-27,0.028651087279496713,0.0689755258358946
2021-09-28,0.016311541336363564,-0.00748066914758242
2021-09-29,0.003925478511239944,0.00213617099389226
2021-09-30,0.010483315939678061,0.007378163983680697
2021-10-08,0.01343856823690769,0.017119373999339837
2021-10-11,0.0008346419442826307,0.00793055357842199
2021-10-12,-0.012945371871549996,-0.0008969535635077975
2021-10-13,0.008151823696412187,0.024493655220948842
2021-10-14,-0.01114455490411631,-0.008809510035308124
2021-10-15,-0.0020620439105213935,-0.003364723732687133
2021-10-18,-0.012380097865866076,-0.04598100788226222
2021-10-19,0.009499183225362438,0.010333139968989529
2021-10-20,0.012189351762281387,0.011915621170957173
2021-10-21,0.0067147901982612,0.004486097055045815
2021-10-22,0.008068450438598428,0.019534180012722217
2021-10-25,-0.006419269218852464,-0.01343354330977644
2021-10-26,-0.010676464856420665,-0.008160707678187938
2021-10-27,-0.012069313534108098,-0.019341394592949365
2021-10-28,0.0014901111775127757,-0.001158549703128109
2021-10-29,-0.0006118905803392033,-0.0005106812442543275
2021-11-01,0.0005924036650929778,-0.012435808655766255
2021-11-02,-0.020926734528611178,-0.011341488966145383
2021-11-03,0.004962319138051974,-0.010928101564338353
2021-11-04,0.013498577354139275,0.020889176452390433
2021-11-05,-0.0068909111012341335,0.006572362203902192
2021-11-08,-0.0073636908498733835,-0.003233334574435441
2021-11-09,-0.0008595480092877361,-0.00928883509584351
2021-11-10,-0.004081525784871222,-0.009571318531685117
2021-11-11,0.006335093017461026,0.008330138880111818
2021-11-12,-0.0044042371118837575,-0.002037010605222095
2021-11-15,0.005924221254655815,0.00039678777984337955
2021-11-16,0.022836919897960318,0.023674200354634512
2021-11-17,-0.005306588898671494,-0.006372864839451948
2021-11-18,-0.006761257582567271,-0.007389145608752448
2021-11-19,0.009004257749334686,0.014972836684061998
2021-11-22,-0.004643467318641382,0.006766637931512558
2021-11-23,0.002078192513576438,0.010578738092027376
2021-11-24,0.00753583265670521,0.019710600525022215
2021-11-25,0.008763529709239283,0.004673307991993108
2021-11-26,-0.01146922679438518,-0.00691020599975492
2021-11-29,0.000709896704456792,0.010408320775079033
2021-11-30,-0.008449400995359468,-0.02019491645897924
2021-12-01,0.0011951024992645888,0.0028910709098597964
2021-12-02,0.0004009729814338893,0.002224613222958355
2021-12-03,0.020654533249777174,0.019559739847831097
2021-12-06,-0.003089449463277527,0.00046174208329891075
2021-12-07,0.022986086272427344,0.006596984637512891
2021-12-08,0.007798200200351258,0.03113014304296125
2021-12-09,0.018597528317266344,0.019950735363315025
2021-12-10,-0.0036791107627059507,-0.0036597870613859504
2021-12-13,0.003925528714564442,0.010352183708940534
2021-12-14,-0.005126510492366943,0.005881665005945449
2021-12-15,-0.0030479567874715286,-0.010274345094983052
2021-12-16,0.002565935140386766,-0.0022593682673322855
2021-12-17,-0.011922797029568588,-0.02445932154336081
2021-12-20,-0.006376238184400585,0.00115778574273395
2021-12-21,0.004243146258123599,-0.006076747051771705
2021-12-22,-0.0007846162352890705,0.00265104587745529
2021-12-23,0.008984317595952685,0.021862778744779095
2021-12-24,0.005697388080132384,0.02198117999423069
2021-12-27,-0.001317736335529185,-0.01842691853951113
2021-12-28,0.0008616014817673607,0.0031864706604042975
2021-12-29,-0.03137220297130009,-0.041340784967544154
2021-12-30,0.006076519383055312,0.009473887327892361
2021-12-31,0.010398207395161629,-0.004191991946544385
2022-01-04,-0.007379928924950086,-0.00037029757574154646
2022-01-05,0.0004870556325843002,-0.00338681107171277
2022-01-06,-0.014141325894427027,-0.017953550284250573
2022-01-07,0.0027534662009632838,-0.008237701792309563
2022-01-10,0.0030142056868287647,0.005717382763955031
2022-01-11,-0.0023620566522379316,-0.006084226832949478
2022-01-12,0.0007271631767226225,0.00921613161222857
2022-01-13,-0.020232820229879045,-0.03518637007386348
2022-01-14,-0.010924627918275589,-0.00967980404408563
2022-01-17,-0.0017737555987443535,-0.0005184001480617527
2022-01-18,0.018660768034614517,0.017107598421461208
2022-01-19,-0.0006244942996192053,0.004115936401021502
2022-01-20,0.012889956483179412,0.02087999569803657
2022-01-21,-0.010059732358823792,0.001973244164756733
2022-01-24,-0.00624767416028319,-0.012336910228991
2022-01-25,-0.017583954358701883,-0.012798230608684296
2022-01-26,0.001400563797379828,0.0006904683233928038
2022-01-27,-0.010487415255905321,-0.0041887007148051015
2022-01-28,-0.018044390878964225,-0.028333598518454087
2022-02-07,0.012248448054488905,-0.0005707499572875375
2022-02-08,0.006819686465289488,-0.009170039858423464
2022-02-09,0.008510784522810289,0.02150134529800028
2022-02-10,0.0019618240437708876,-0.006523487267799368
2022-02-11,-0.002529526777431267,-0.004237091350232014
2022-02-14,-0.015101019441202746,0.0008115928127183907
2022-02-15,0.003298990957350023,0.007784932167350506
2022-02-16,0.0018877494545911596,0.0012105440570545306
2022-02-17,-0.0031930940663697288,-0.0030034983869710414
2022-02-18,0.007216641555849801,0.01085201540547683
2022-02-21,-0.0037339816944798043,-0.00927744809455085
2022-02-22,-0.01575887345483188,-0.025710896356322423
2022-02-23,0.00592370743032884,0.007584479900002412
2022-02-24,-0.022737316105540077,-0.029792192772829827
2022-02-25,0.01419111037916413,0.01310026395066654
2022-02-28,-0.0032430096476533054,-0.0032346074510963656
2022-03-01,0.011931135952789017,0.024616681607564327
2022-03-02,-0.00608711680647268,-0.008976822624616358
2022-03-03,-0.007677118689468699,-0.02088684207658956
2022-03-04,-0.012828880243658448,-0.01597850490813733
2022-03-07,-0.029347159201828166,-0.039104065672929
2022-03-08,-0.01817225876912053,0.0055398873638761335
2022-03-09,-0.0021633817049995013,0.003430704887549051
2022-03-10,0.016289813782578523,0.015979477638468152
2022-03-11,0.004517288300915957,-0.004304632824925665
2022-03-14,-0.02637948546134019,-0.033325581994869964
2022-03-15,-0.05176521137905645,-0.05466686377640112
2022-03-16,0.029777423255678247,0.040947817589068826
2022-03-17,0.016794798654382694,0.021175647467911368
2022-03-18,0.009446163522297293,0.0014159298033806949
2022-03-21,-0.0064770414369859424,-0.006542400870650833
2022-03-22,0.004782412281996518,-0.0009880766092336365
2022-03-23,0.004416747249190156,0.015509215752893867
2022-03-24,-0.003450415512609773,-0.01315830323294866
2022-03-25,-0.012062559320205769,-0.01645361475696175
2022-03-28,-0.011408682061623354,-0.01636743107508416
2022-03-29,-0.0012320198245339583,-0.0008250114290368337
2022-03-30,0.026893919553569727,0.03555870037968084
2022-03-31,0.0008367940308660842,-0.003725017079968524
2022-04-01,0.022871483164888184,0.02931112432680332
2022-04-06,0.008838125425863076,-0.000530282210640507
2022-04-07,-0.008247734382521887,-0.003496215800364781
2022-04-08,0.000926357737049755,0.006076033768966955
2022-04-11,-0.0219738626678508,-0.03137460110121684
2022-04-12,0.020848699028819886,0.03268118092350665
2022-04-13,0.00099100904294952,-0.005346182632594024
2022-04-14,0.011101519682196604,0.021670900567214404
2022-04-15,0.00797652962104225,0.002231820564176416
2022-04-18,-0.004371091611858002,-0.010084770225184732
2022-04-19,-0.0072925294601930545,-0.00571513216816713
2022-04-20,-0.0011047130017904476,0.002497543166076756
2022-04-21,-0.014346381220831072,-0.012564031438554378
2022-04-22,0.017356832532182044,0.005257383271271853
2022-04-25,-0.043089264503610496,-0.04461052068756857
2022-04-26,-0.001242205912681382,0.008005093144025852
2022-04-27,0.007727590013700837,0.024377876742258574
2022-04-28,0.012214163773315237,0.020661338006314985
2022-04-29,0.006785479049330578,-0.005024010732014214
2022-05-05,0.01070979919945835,0.006719439880916369
2022-05-06,-0.02455575398827359,-0.02373040515447282
2022-05-09,-0.003144780302481309,-0.01687966053212443
2022-05-10,0.01775443714351053,0.010137088415561775
2022-05-11,-0.00047413496642810787,0.0022564909272386677
2022-05-12,0.0024549717920813283,-0.0011535267408869852
2022-05-13,0.01203176891908966,0.007401052689176887
2022-05-16,-0.011774943204577728,-0.012793707984962101
2022-05-17,0.006681301043175103,0.006423145738169734
2022-05-18,-0.006299797050874956,-0.006076574915840787
2022-05-19,-0.0015641671399553305,-0.0036902673909068903
2022-05-20,0.02401578972193069,0.028456465255519574
2022-05-23,-0.011420100574222915,-0.011283154411001382
2022-05-24,-0.01889476832848638,-0.015365640538858449
2022-05-25,0.010456171673038417,0.0018971556103432293
2022-05-26,0.008500462983060508,-0.00209598447587894
2022-05-27,-0.0012135569330690484,0.005613127482162787
2022-05-30,0.006197713743551359,0.014119234539414344
2022-05-31,0.011104705972879138,0.015731874076459915
2022-06-01,-0.005371622925041985,-0.007750169569868437
2022-06-02,-0.010914381180842958,-0.0048999189097755575
2022-06-06,0.0036414679010202348,0.004452025400694681
2022-06-07,0.012989504709359612,0.014794891488878248
2022-06-08,0.011135662360720335,0.020432356174908725
2022-06-09,-0.0052557370101127595,-0.005240258864928397
2022-06-10,0.017117259248506045,0.019489315013924764
2022-06-13,-0.01676222737503611,-0.02163679463812049
2022-06-14,0.011176267099439897,0.009514208766393832
2022-06-15,0.015528334304231606,0.010280430074961221
2022-06-16,-0.007099045478653833,-0.0021333024462506516
2022-06-17,0.016698651223457487,0.027987988275741997
2022-06-20,0.0011830103309963373,-0.0011697086918758541
2022-06-21,0.001027767786596301,0.000637155170562142
2022-06-22,-0.014294356770699268,-0.010187673874414264
2022-06-23,0.005266710892973714,0.009742685853540038
2022-06-24,0.014426882297302502,0.021434781002798893
2022-06-27,0.017525444657456313,0.012361727694656866
2022-06-28,0.011687788449518934,0.014400891822657729
2022-06-29,-0.004181630730537511,-0.005311173192244303
2022-06-30,0.007987028088995252,0.0207585875826255
2022-07-01,0.003014385407669829,-0.0015164448793190564
2022-07-04,0.00832402531606975,-0.0014482816781563688
2022-07-05,-0.006736492723390086,2.8483681066421675e-05
2022-07-06,-0.011432093322104443,-0.015445870422163926
2022-07-07,-0.0017486053371898796,-0.006883531529018261
2022-07-08,0.0046427151453457775,0.004200924745459099
2022-07-11,-0.006330726873556314,-0.013598824749022374
2022-07-12,0.00045931170767052895,-0.0037594718887272688
2022-07-13,-0.004168619882805768,0.0019231648891155151
2022-07-14,-0.010767422290351472,-0.007432017258790306
2022-07-15,-0.010377136752208761,-0.006229879700397579
2022-07-18,0.008696776543837336,0.0019992455743195188
2022-07-19,-0.005605837300050609,-0.0034914743458317812
2022-07-20,-0.001061995215510292,0.0019192546571251464
2022-07-21,-0.01594058427408447,-0.008028315715005547
2022-07-22,0.0003349541562507997,0.003200768420729863
2022-07-25,-0.0005048330699773506,0.0007480350865650808
2022-07-26,0.0010529076871362618,0.002889821172262637
2022-07-27,-0.006936320201650959,-0.012813047907466832
2022-07-28,-0.0032980006737849954,-0.0072702815459499606
2022-07-29,-0.01218532420334364,-0.01069008681043954
2022-08-01,-0.004386441224379522,-0.0038516979081801815
2022-08-02,-0.018773217074207503,-0.011393529741889032
2022-08-03,-0.004606973675514648,-0.0002955813282911361
2022-08-04,0.019915565152792292,0.017780386236787914
2022-08-05,0.011801859984831199,0.008515658829209658
2022-08-08,0.0024387224197050974,-0.00410833583580074
2022-08-09,-0.009529659387929212,-0.004149686073744792
2022-08-10,-0.00921501566760581,-0.01455471852416986
2022-08-11,0.01707636546017646,0.017927463666621585
2022-08-12,0.003307301406004848,0.007187945216908558
2022-08-15,-0.0071070264240244,-0.007219928942223145
2022-08-16,-0.0033518033901133613,-0.0023850837620620455
2022-08-17,0.007857011306526895,0.003949139342189365
2022-08-18,-0.015351465691783939,-0.013519347372159913
2022-08-19,0.008546187356629443,0.002144029626964383
2022-08-22,-0.002141239611511103,-0.0033232063163417787
2022-08-23,-0.006686788610111772,-0.01178339436837541
2022-08-24,-0.006965169430914376,-0.006858251179576945
2022-08-25,0.017663674896093683,0.015933553889119267
2022-08-26,-0.0007717119622344672,0.0038586923399117263
2022-08-29,-0.008516252222721777,-0.014710153270890017
2022-08-30,-0.005402861763439004,-0.00572014744350889
2022-08-31,0.02071509397756062,0.02554147450260175
2022-09-01,-0.0009002065622375157,-0.01480983409537045
2022-09-02,0.00012021484103058578,-0.0034415426451345644
2022-09-05,-0.004427215194827139,-0.01391870710819866
2022-09-06,0.0037799636168313277,0.004546992606208678
2022-09-07,-0.005700532012014215,-0.010616388572962918
2022-09-08,0.004721247013999197,0.0006124152244197282
2022-09-09,0.01751347973309573,0.017627136733223574
2022-09-13,0.0069452206251689585,0.014618193573874918
2022-09-14,-0.005048919280317265,-0.005995570212894737
2022-09-15,0.0023170670033855643,0.006090941905067996
2022-09-16,-0.021024614511199382,-0.015792410503300287
2022-09-19,0.002167495503834871,0.005218875685649661
2022-09-20,-0.0040388103087244725,0.0016800198991646334
2022-09-21,-0.005129264882850759,-0.011974549325514712
2022-09-22,-0.02256494403068352,-0.018966602547992525
2022-09-23,-0.0019106757578937763,0.0034335646174093485
2022-09-26,-0.008915782623865488,0.0054945398358759515
2022-09-27,0.02580108401581849,0.022535357759549755
2022-09-28,-0.006018826932263677,-0.004157075773930755
2022-09-29,-0.0005723467608657936,-0.0014809201773429027
2022-09-30,0.002606737063611531,-0.0008063378028754605
2022-10-10,-0.020877114703342914,-0.03917209198223808
2022-10-11,0.0016672521475782458,-0.002216004198887554
2022-10-12,0.0010147488883529348,-0.007257803790809582
2022-10-13,-8.067308136482532e-06,-0.02047926890280152
2022-10-14,0.020102958088215675,0.02595988734260438
2022-10-17,-0.0018993325112426354,-0.006057330699354381
2022-10-18,-0.001707262588455449,-0.002973181136761925
2022-10-19,-0.020551960612440526,-0.028508754923102522
2022-10-20,-0.0074204017757554044,-0.00355920202966822
2022-10-21,-0.004226831065489245,-0.008040224371796483
2022-10-24,-0.04145374467519583,-0.060866133994183585
2022-10-25,-0.00033591612424935854,-0.009140140743340344
2022-10-26,0.0036358128272239716,-0.001333070728704882
2022-10-27,-0.012144409523868208,-0.029229203743417503
2022-10-28,-0.013312773517352862,-0.01877633511633685
2022-10-31,-0.00898269440238865,-0.009151579364888491
2022-11-01,0.03355530963527254,0.0605601191545552
2022-11-02,0.004367227226247883,0.006064653339165303
2022-11-03,-0.010884097533434346,-0.017076650595892685
2022-11-04,0.027210252609411567,0.04242802704121191
2022-11-07,0.0021363910370801767,-0.0008503194548888937
2022-11-08,-0.010281888576704281,-0.014410763765703619
2022-11-09,-0.004262107027202089,-0.010894801849093609
2022-11-10,-0.000971425019108441,0.004516428827121367
2022-11-11,0.019491957123714543,0.02785039515221487
2022-11-14,0.012910751424358269,0.009132161478026998
2022-11-15,0.010261300858395252,0.022908534662807862
2022-11-16,0.0002984462726476901,-0.0014191142467024267
2022-11-17,-0.004926335412073335,-0.00910239084549034
2022-11-18,-0.0031520225011505646,-0.000482153897892136
2022-11-21,-0.0068607733963142485,-0.021008466954080374
2022-11-22,0.0042757481015126,0.009325777599013799
2022-11-23,0.0012534268556904315,0.0031803195896024953
2022-11-24,-0.004427707567733196,-0.01267835951755587
2022-11-25,0.010751384805649978,0.005249248753364773
2022-11-28,-0.005314411815562637,-0.007123077566135588
2022-11-29,0.028752082669040894,0.04815048588940921
2022-11-30,-0.0006906943928206679,0.0005848515819935616
2022-12-01,0.010125487440581584,0.018657959949027563
2022-12-02,-0.002336578386520927,-0.0014783293053174393
2022-12-05,0.01741950425761215,0.01966659991685822
2022-12-06,0.006953441328091238,0.014077399645200215
2022-12-07,-0.004674617511138824,-0.0038313504022345966
2022-12-08,-0.0020967575637478864,7.900105783256641e-05
2022-12-09,0.013009273838062264,0.023766380763309943
2022-12-12,-0.005231895807569655,-0.0039581744722401845
2022-12-13,0.003783491222849166,0.004730530600053702
2022-12-14,0.006310528868031562,0.011546138803244396
2022-12-15,-0.004851125856957971,0.0007488111375343111
2022-12-16,0.004224457043414753,0.0018594029697886344
2022-12-19,-0.018938486183172933,-0.012840550953162678
2022-12-20,-0.018075955988520666,-0.029105047839309013
2022-12-21,0.006078170204635714,0.010990046950226994
2022-12-22,0.007172910315901727,0.0153081155997968
2022-12-23,0.00031246916336189466,0.0017496774395343376
2022-12-26,0.002350548748668401,-0.00900184387276693
2022-12-27,0.010079283993380973,0.008384924187550751
2022-12-28,0.007756838547148282,0.0019053894851849538
2022-12-29,-0.0037774965577781266,-0.006060218462936743
2022-12-30,0.005970022237310114,0.006276983349413398
2023-01-03,-0.000313388172446982,-0.00045790873691534096
2023-01-04,0.00966056246738838,0.002515240826119398
2023-01-05,0.017836611376221636,0.03603233745361892
2023-01-06,0.0022241960068887347,0.0017939230310543613
2023-01-09,0.006476730126108877,0.015995792208320574
2023-01-10,-0.003791104835080939,0.0011043252656189621
2023-01-11,-0.0024623333177160142,-0.0038202665113738652
2023-01-12,-5.970824555667775e-06,-0.003900277241805128
2023-01-13,0.015799821095834866,0.024121585774440662
2023-01-16,0.022274496567384304,0.022457704544991703
2023-01-17,-0.003585137056014842,-0.005785519325442769
2023-01-18,-0.003279993576301499,-0.003640965119312621
2023-01-19,0.00410071956539777,-0.0005399674118923872
2023-01-20,0.004603885840226441,-0.0020569590422555247
2023-01-30,0.00013558967298106257,0.013888418517790728
2023-01-31,-0.019601011265582956,-0.02442232453412229
2023-02-01,0.0048361277558890085,0.0014788688777599287
2023-02-02,-0.003056268513109461,-0.0010913525131068197
2023-02-03,-0.006727380432162867,-0.00950195886479695
2023-02-06,-0.011513332604096028,-0.016520506385935694
2023-02-07,0.002395490620565289,0.0021905194817205056
2023-02-08,0.0005163525097016677,-0.0058738121109331
2023-02-09,0.010861238474842761,0.019375902921214834
2023-02-10,0.0009867735804442444,-0.003811376055798881
2023-02-13,0.010029176352645452,0.021682269739174545
2023-02-14,0.00038960916145697194,-0.005024019097998356
2023-02-15,-0.005130872227584538,-0.0012621721292584685
2023-02-16,-0.004457680756673988,0.0034490772290719967
2023-02-17,-0.008069800407590689,-0.015418260952225706
2023-02-20,0.023938106846541806,0.02663329667705206
2023-02-21,0.0036125390700926796,-0.0032948925722789263
2023-02-22,-0.004777690422901859,-0.012342897454400472
2023-02-23,0.001966225208846462,-0.006823267337111098
2023-02-24,-0.008747166243682759,-0.014247208566253392
2023-02-27,0.0026073933556276184,0.00888297780642029
2023-02-28,0.005308329156836345,0.002562386436225468
2023-03-01,0.01060394989370793,0.013367954665667234
2023-03-02,-0.0007425632364456591,-0.004438242618264196
2023-03-03,0.0041046872106665026,-0.0014378627765497232
2023-03-06,-0.007226731416578668,-0.00637687520175586
2023-03-07,-0.009715058015652945,-0.012196368183117949
2023-03-08,-0.004537471020774764,-0.007221042559722714
2023-03-09,-0.004470551513947496,-0.002726342581043767
2023-03-10,-0.008072744359322658,-0.01080291696998207
2023-03-13,0.010861132148479702,0.009222466392960066
2023-03-14,-0.005335681185585973,-0.0029271833176119266
2023-03-15,-0.003358605820275318,-0.006932092255674998
2023-03-16,-0.004710365614115842,-0.002099092815162078
2023-03-17,-0.006295754147639532,-0.00657870699690251
2023-03-20,-0.010012147471959066,-0.009236902978220014
2023-03-21,0.00907107749239855,0.02162656673995839
2023-03-22,0.0024397939141450058,0.0010782976324803153
2023-03-23,0.0022801462963560346,0.003166604186418416
2023-03-24,-0.0033290851826293876,-0.002872403927133605
2023-03-27,-0.0013788124327725805,-0.0049908378162272626
2023-03-28,0.0010688719380810177,0.0059179337434405255
2023-03-29,-0.0007836540265130812,0.004123730091435616
2023-03-30,0.011850573468649362,0.00914398305772333
2023-03-31,-0.00625643453704865,0.003482110176139612
2023-04-03,-0.004363948405598317,-0.007316390781503148
2023-04-04,0.005343036836590343,0.0067388290031170405
2023-04-06,-0.0057920762481936455,-0.011163001233850944
2023-04-07,0.0053675275023019175,0.0011177898099550506
2023-04-10,0.0007143251954379922,-0.007185776020545424
2023-04-11,-0.0015980408970866274,-0.01008840396632619
2023-04-12,-0.009017100756247865,-0.020741521485506276
2023-04-13,0.008637694594475132,0.013286426053473724
2023-04-14,-0.0010026039406484607,-0.004297581766533352
2023-04-17,0.017681395165741323,0.020408242037208663
2023-04-18,0.002310691495384187,0.0020479004675899295
2023-04-19,-0.006399131541216031,-0.0034381676976223434
2023-04-20,-0.000688374046849083,-0.006825996903066269
2023-04-21,-0.009755666510796124,-0.009875683402898143
2023-04-24,-0.0067477927773929355,-0.01035490809335602
2023-04-25,0.010323560264176803,0.011718426602637961
2023-04-26,-0.0045558326536075605,0.0012625535583758458
2023-04-27,0.010338934658308763,0.005989377658727451
2023-04-28,-0.0033774398486427614,0.0009263861850501867
2023-05-04,-0.0038307266744021635,-0.007443467972407542
2023-05-05,0.0011570627344829278,0.0031042407644971196
2023-05-08,0.009442335960635772,-0.005624105924770784
2023-05-09,0.0009376505052966504,0.003151419464286479
2023-05-10,-0.005270530124058771,-0.002359629638467993
2023-05-11,0.001962931248447752,-0.0030706370560613823
2023-05-12,-0.004368860533303188,-0.007973207169792957
2023-05-15,0.0070935894966844045,0.00953321279559941
2023-05-16,-0.0005155087562237489,-0.0036107923076092374
2023-05-17,-0.0035426008680564556,-0.0034091414732304003
2023-05-18,-0.0011600152175698876,-0.0036981460358730387
2023-05-19,0.005935994949225455,0.005784693855528363
2023-05-22,0.018765777933984287,0.02329830504793698
2023-05-23,-0.006875322254025808,-0.010781209051617776
2023-05-24,-0.01607586358568236,-0.012917581189125832
2023-05-25,-0.0032578283856233626,-0.005290390456577734
2023-05-26,-0.0024752822955053876,-0.0006626669204912165
2023-05-29,0.0008324657665351616,-0.0016997773514464797
2023-05-30,-0.008497508831975342,-0.010795707488608834
2023-05-31,-0.016435221506779875,-0.02207645210097999
2023-06-01,-0.009303949931169422,0.00100749873969629
2023-06-02,0.017096746569075543,0.01959058516903709
2023-06-05,-0.0029059980892888523,-0.003911820971031754
2023-06-06,-0.0021538186320189333,-0.00016091024894681314
2023-06-07,-0.003735989901061432,-0.007676284229292222
2023-06-08,0.01107188357463792,0.009984469006080113
2023-06-09,0.004451915918181982,0.0003425703092253937
2023-06-12,0.0022567697005743356,0.012810203827777243
2023-06-13,0.0012198513960996918,0.0035478684118253035
2023-06-14,0.009381211793497813,0.014853963474176795
2023-06-15,0.012473626801310589,0.01579521429402124
2023-06-16,-0.0018811767449038782,0.013603653645572611
2023-06-19,-0.008546451938116663,-0.02321529810570926
2023-06-20,-0.0012933801612361128,-0.0033066203065582125
2023-06-21,-0.005234646799394449,-0.00627121746419929
2023-06-26,-0.005588239020995524,-0.013286782086705416
2023-06-27,0.005612313811443237,0.004420236213536076
2023-06-28,0.010559811591417901,0.008327462915532895
2023-06-29,-0.00460628823465532,-0.007328016240711895
2023-06-30,-0.0011433256367514133,0.0016649329237665494
2023-07-03,0.011493510225698266,0.015806428696664765
2023-07-04,-0.0013029185319488044,0.0026419263144752294
2023-07-05,-0.0036645939454378108,-0.007435002331209954
2023-07-06,-0.007467829402392712,-0.007874471545217778
2023-07-07,-0.0012069645211986503,-0.004640424896705005
2023-07-10,0.0036052131588400257,0.003927232355910458
2023-07-11,0.004523956850939215,0.005298085663160343
2023-07-12,-0.0011360021130190302,0.0005594114038711648
2023-07-13,0.010486264703394844,0.016269436964610424
2023-07-14,-0.0048100223617364105,0.0017906374626318836
2023-07-17,-0.001842077006994858,-0.009177395669633355
2023-07-18,2.4273011019104794e-05,-0.002978933341181905
2023-07-19,-0.0003375315552849648,2.0240058367124755e-05
2023-07-20,-0.003971688014709063,-0.0010719601146958926
2023-07-21,0.002724572761836298,0.016254331769694267
2023-07-24,-0.0011504110718479784,-0.0012390378176765065
2023-07-25,0.016530642410326923,0.03104191593484048
2023-07-26,0.0010207414853590558,-0.0003051885957127808
2023-07-27,-0.0021857124061123497,0.0024718195690366287
2023-07-28,0.02067355987083475,0.026092051513521012
2023-07-31,-0.006567310071780718,-0.009868313854843078
2023-08-01,0.0013974460732925518,0.00015187174276931967
2023-08-02,-0.008963640742241284,-0.008155842417215509
2023-08-03,0.003809505960447912,0.0014652694598085393
2023-08-04,0.0008022289487967461,0.004203135759220565
2023-08-07,-0.004890852208614149,-0.006054301555312031
2023-08-08,0.0032504206959848795,0.0015643960862536926
2023-08-09,-0.002767291784999315,-2.1475741613334403e-05
2023-08-10,-0.003425269322811608,-0.006163780428517904
2023-08-11,-0.01691932652981174,-0.020578915893082833
2023-08-14,-0.0025252984232077887,-0.011418404110107746
2023-08-15,0.003858019278735847,0.002697870213603071
2023-08-16,0.00022085969057179518,0.002802809073682641
2023-08-17,-0.000194619028171961,0.003039571415390455
2023-08-18,-0.008607888482444991,-0.014339735674466432
2023-08-21,-0.012239977333718845,-0.009844637683972434
2023-08-22,0.0008716895280658332,0.0005909370416919879
2023-08-23,-0.007272075336410921,-0.008469174575186493
2023-08-24,0.009175527932076722,0.01812762328750363
2023-08-25,0.0010994400483976927,0.0027155479967019606
2023-08-28,0.00281474352918194,0.002229247782115182
2023-08-29,-0.00011788023916709011,0.0058439198205474914
2023-08-30,0.00013340384458713215,-0.0004995863555982032
2023-08-31,-0.0038604041192454204,-0.004583333532897187
2023-09-01,0.0061048951739084535,0.0062874143727296005
2023-09-04,0.009080071715851656,0.013864048211225456
2023-09-05,-0.0027396898671980703,-0.004726778974578343
2023-09-06,-0.003469083988455379,-0.0004503137652654033
2023-09-07,-0.008228730037864842,-0.011383388759597214
2023-09-08,-0.002566962064096113,-0.007402606891625524
2023-09-11,0.008641739357106893,0.007709580928840829
2023-09-12,0.0017579324480784032,-0.0015951353201227652
2023-09-13,-0.0026454082920793877,-0.0010904332862786267
2023-09-14,0.005180828959789997,0.00045443515686092355
2023-09-15,-0.010861379881254997,-0.014598474157999707
2023-09-18,0.010676610455840563,0.019705313620712983
2023-09-19,0.0024916529670742987,-0.001227979939921717
2023-09-20,0.0001430150307542567,-0.001744485711466461
2023-09-21,-0.007015293983044802,-0.01194919047074787
2023-09-22,0.010214780904353349,0.020364106738245603
2023-09-25,0.0008478634658351974,-0.004232671464591789
2023-09-26,-0.0038691231455028063,-0.007333598214854681
2023-09-27,-0.0004582119334111457,-0.0003939236291194614
2023-09-28,-0.00508609737268515,-0.006411077343737998
2023-10-09,-0.001608649044635147,-0.007868112199884487
2023-10-10,-0.010809118794555341,-0.006572519278051196
2023-10-11,-0.00048313030192734827,0.0032438042767940025
2023-10-12,0.004360504181388592,0.0052974476113289305
2023-10-13,-0.007263312427377134,-0.014144712942458178
2023-10-16,-0.004300571241963324,-0.010802129648645822
2023-10-17,0.0010595609845867725,-0.0012991609964822734
2023-10-18,-0.005146178148623149,-0.002802022328632123
2023-10-19,-0.021695868571454186,-0.040258877763040164
2023-10-20,-0.005776529791157503,0.0012438144560357103
2023-10-23,-0.004690597841921064,-0.00101167927193062
2023-10-24,0.00543414840667802,0.0013887177447032529
2023-10-25,0.002401421036820961,0.014755637575750094
2023-10-26,0.012199750742552586,0.004523014790575066
2023-10-27,0.017598411924362047,0.007859466781105317
2023-10-30,0.0018596769825278807,0.005340978417605607
2023-10-31,0.0025364420817714736,0.0008329280036295739
2023-11-01,0.010758455558730218,0.034693779063708054
2023-11-02,-0.0010803670646994169,-0.0017370676622167178
2023-11-03,0.0013484210465273595,0.010452818071261777
2023-11-06,1.4892795242593638e-05,0.001651437697970392
2023-11-07,-0.000728798644955475,-0.007012336653359059
2023-11-08,0.00038745166893116017,0.0020116004789532856
2023-11-09,-0.00026833378310003896,-0.002312685036587121
2023-11-10,-0.002684198926575788,-0.007737336449911087
2023-11-13,-0.010963289084313876,-0.00913733513042136
2023-11-14,-0.0013280766908817189,7.744493479907226e-05
2023-11-15,0.0068480292508936065,0.005916640222282067
2023-11-16,-0.003323207530414485,-0.006410464299705976
2023-11-17,-0.0013995711495477848,-0.003268475005527468
2023-11-20,0.008302405162859738,0.005257571565219521
2023-11-21,0.002437015970239065,0.009842954706736828
2023-11-22,-0.0023323709017679887,-0.004991934007268007
2023-11-23,0.0005943845782711674,0.0008917407311816447
2023-11-24,0.00013037679760037325,-0.0029589987820017403
2023-11-27,-0.009733626775500192,-0.01006731507975028
2023-11-28,0.002224386356247621,0.003163152941459978
2023-11-29,-0.002134358097555278,0.00021155581907585455
2023-11-30,0.0064920077261324104,0.007624397552411826
2023-12-01,-0.003417512081794161,-0.013468789307229294
2023-12-04,-0.003921478777432441,-0.005996805367219132
2023-12-05,-0.012831130819393256,-0.020344418388326648
2023-12-06,8.950795452128413e-05,-0.0006178996816795036
2023-12-07,-0.004140511256446711,-0.0033967826150095456
2023-12-08,0.008825601274127137,0.004962607077875602
2023-12-11,0.00394835052056045,-0.001993438496663017
2023-12-12,0.003844682606122452,0.005062672683692539
2023-12-13,-0.013757151923263187,-0.024311755252053036
2023-12-14,-0.0033013099070811625,-0.009114917672545873
2023-12-15,-0.005785423624509256,0.0009678600788826702
2023-12-18,0.004917261723413469,0.007642574211162646
2023-12-19,-0.0010746283529066813,0.0026568951648181936
2023-12-20,-0.01073237344154041,-0.008083719282816442
2023-12-21,0.010117175528984211,0.011868025599903064
2023-12-22,0.003305833485389531,0.0008871115322617414
2023-12-25,0.0036555409584448696,0.002566781997475718
2023-12-26,0.000527804315122493,-0.0010208641861266037
2023-12-27,0.004843837352456826,1.1339490175640265e-05
2023-12-28,0.009573870836994371,0.026649250180166863
2023-12-29,0.009777915262750491,0.008381271553723528
2024-01-02,-0.01399087684015906,-0.024562929650868322
2024-01-03,-0.0010091768347044398,0.0006265750060800255
2024-01-04,-0.0048694560896084815,-0.011928143013197874
2024-01-05,0.0004345492791443812,-0.0034410583457279535
2024-01-08,-0.010792588326668883,-0.012722964493202009
2024-01-09,-0.0014937574637312494,-0.001677622250545725
2024-01-10,-0.000832685324344895,0.0006202440625378612
2024-01-11,-0.003830678433114843,0.0017583691219448967
2024-01-12,0.0009992922703783045,-0.0018063796538739874
2024-01-15,0.003452724155901932,0.0005922284322306539
2024-01-16,0.004226288470097884,0.0016030517387707129
2024-01-17,-0.017003767130404412,-0.028947112423721538
2024-01-18,0.009616104449823193,0.018245699087749454
2024-01-19,0.003750915027056612,0.009504741878744947
2024-01-22,-0.011560564289685384,-0.003066947679545932
2024-01-23,0.0006060054818037067,-0.007210889913462152
2024-01-24,0.012153057449060634,0.007444828027468986
2024-01-25,0.011210904166353574,0.010412344754061772
2024-01-26,0.0037943300578525793,0.00038124796179653454
2024-01-29,0.006762217469704424,0.0064058494314191885
2024-01-30,-0.01380998231611683,-0.018924708462314734
2024-01-31,-0.010219504157666915,-0.008053317395342333
2024-02-01,-0.008220837777827839,-0.0005524326193873274
2024-02-02,-0.002095910116152333,-0.008089453439379994
2024-02-05,0.01905327079626329,0.01972114460464703
2024-02-06,0.029058571256513253,0.03075135198594025
2024-02-07,0.016499361615095787,0.016437103484139116
2024-02-08,-0.00268502290302951,-0.0026884436081512537
2024-02-19,0.006892782794260666,0.0027300141170802884
2024-02-20,0.0037536280759209455,-0.006781183617689136
2024-02-21,0.010569224222452133,0.024084802220299552
2024-02-22,0.007314224845700525,0.0033149279364250825
2024-02-23,0.0004992661022824031,-2.7244502465178703e-05
2024-02-26,-0.009913566627883277,-0.011354121530860272
2024-02-27,0.0028227737218268103,-0.00042431596604230375
2024-02-28,0.00018243795646105676,-0.002544054882046775
2024-02-29,0.009686974508806736,0.009139692367825325
2024-03-01,-0.0016288933892452673,-0.0025832902256292803
2024-03-04,0.007984392951300068,-0.00095764558981364
2024-03-05,0.013464816231025335,0.011621137877946901
2024-03-06,-0.004201411910980601,-0.008376899176473463
2024-03-07,0.001633212589757194,-0.0009254769455460976
2024-03-08,0.0018954488478571724,-0.00325915737303014
2024-03-11,0.004841487387889519,0.011264551332549631
2024-03-12,0.0014582299864112523,0.02089155988404498
2024-03-13,0.00017661131467600056,-0.006392200534191739
2024-03-14,0.006070619748013661,0.0021824304290443187
2024-03-15,0.0028975672991841898,0.0030200447671789414
2024-03-18,-0.0039395041508481395,-0.0027855753876334386
2024-03-19,-0.004474081308289401,-7.158843135895342e-05
2024-03-20,0.0005503346494144302,0.0003673839051801507
2024-03-21,-0.00401111027596982,-0.0012336620628633586
2024-03-22,-0.0038229819093202663,-0.005589030567865482
2024-03-25,-0.0005284289681874113,-0.0048890410698488405
2024-03-26,0.007128198470215274,0.010990586288055926
2024-03-27,0.002732938280851571,-0.0033613303174560632
2024-03-28,0.0017402337927480247,0.0001669922657029401
2024-03-29,0.00044774694086269185,-0.0009620155532950885
2024-04-01,0.008324960722549858,0.011271532015498485
2024-04-02,-0.00775874165493391,-0.00693367735567351
2024-04-03,-0.004201302803836427,-0.002526084286340633
2024-04-08,-0.007071390912343291,-0.02074581646470196
2024-04-09,-0.005188239679559303,-0.00430997052568251
2024-04-10,-0.0005936662798604608,-0.0061414898601977515
2024-04-11,-0.0006464039479001872,-0.001428306523094257
2024-04-12,-0.004888326106370134,-0.008438565331672011
2024-04-15,0.024738498408327713,0.02596139255778046
2024-04-16,4.519224016841239e-06,-0.002677699098125525
2024-04-17,0.005829152479197897,0.0021744075111794483
2024-04-18,-0.002870581107152116,-0.0016330834069434213
2024-04-19,-0.005664286345734883,-0.011322722445908519
2024-04-22,0.0012365087327991578,0.009633507540300058
2024-04-23,0.003080505124217448,0.009102871726522549
2024-04-24,-0.00046536315944866184,0.001017906449682738
2024-04-25,0.0002044176632537975,0.0010972734306807083
2024-04-26,0.004820381702814569,0.01157863165115203
2024-04-29,0.008647159824455988,0.0024198610453651966
2024-04-30,0.011869634907592307,0.003999160154247276
2024-05-06,0.01687663684699109,0.02527343472259619
2024-05-07,-0.008649876202374953,0.0007278696854830938
2024-05-08,-0.004750751387711161,-0.004729417545299327
2024-05-09,0.0009087799042849505,-0.0012964528035822145
2024-05-10,0.0017859062238128288,-0.00399141505163003
2024-05-13,0.0034607329940967604,-0.011196071331694672
2024-05-14,-0.002177700076584011,-0.0021473898600224
2024-05-15,-0.005614382310169087,-0.0033493004845798636
2024-05-16,0.00063367318371571,0.004515799461652019
2024-05-17,0.004968827878858251,0.0072292992989562745
2024-05-20,-0.0015318386428858075,-0.0016815611414870946
2024-05-21,0.0031112240541804168,-0.0003529469874317179
2024-05-22,-0.003587628758535177,-0.004013522461310601
2024-05-23,-0.0018041298396496265,-0.004176228485313133
2024-05-24,-0.001988172684483181,-0.007502445285326039
2024-05-27,0.011842385773139296,0.0033346741882411455
2024-05-28,0.00042789329650849695,-0.0016462762095034145
2024-05-29,-0.002848235028263979,0.0003271743804754861
2024-05-30,-0.006077287033397761,-0.012081585918395189
2024-05-31,-0.0014323863046761367,-0.0008725248241470835
2024-06-03,0.002252552691688337,-0.0014365331652940452
2024-06-04,0.009828471809621897,0.009393787595870347
2024-06-05,-0.0032807871127006347,-0.00602913677319128
2024-06-06,-0.0011494975990120834,-0.0026334381001930623
2024-06-07,-0.0048593984846822535,-0.00963051947854311
2024-06-11,-0.010276146111185536,-0.020829459437791954
2024-06-12,0.0009243554325278117,-0.00032188174549492484
2024-06-13,-0.007133029280877657,-0.010347291466694735
2024-06-14,0.0018650843249176773,0.0016938426663407156
2024-06-17,-0.005485135608578252,-0.005456806995639704
2024-06-18,-0.0036529043203281986,-0.008829145100845034
2024-06-19,4.909175457086198e-05,0.0038723440082212
2024-06-20,-0.004750607019211506,-0.005100894038992806
2024-06-21,-0.00561533772669135,-0.012296914022255735
2024-06-24,0.004004459259079885,0.004484503880279489
2024-06-25,-0.0018616259092201323,0.001980174063012991
2024-06-26,0.0004165449521927099,0.0005581504197773895
2024-06-27,-0.0018585077779995742,-0.0018226708447774513
2024-06-28,-0.0009182055754460854,-0.008484281943068894
2024-07-01,0.0012533625479221326,-0.007151407585424139
2024-07-02,0.003819720510056413,0.020006866547603294
2024-07-03,-0.0006321306908347647,0.0027851708306662407
2024-07-04,-0.0060089316681912865,-0.006618808526555565
2024-07-05,-0.004728390477197174,-0.013594263979687497
2024-07-08,-0.0018427575215159142,-0.012576338671626483
2024-07-09,0.005611492317527279,0.009425457902935487
2024-07-10,-0.0030983626092601193,-0.0013096544904440568
2024-07-11,0.014309005869114523,0.016178361299910824
2024-07-12,0.005666891809374509,0.010112014209056937
2024-07-15,0.004765486784330143,0.0007195558356584593
2024-07-16,0.0018498939958365714,0.001104011133517029
2024-07-17,0.0068777605687593175,0.013628153385751112
2024-07-18,0.008131792486887491,0.002630845556276712
2024-07-19,0.006906891306135943,0.012869117367894275
2024-07-22,-0.009257605500495848,-0.01394542726861653
2024-07-23,-0.014535017179994647,-0.021405408887517297
2024-07-24,-0.0019060286970947748,-0.006048222135846251
2024-07-25,-0.010198931090716436,-0.008609495799989
2024-07-26,0.004319750936891009,-0.0019289469412665473
2024-07-29,-0.0032076701206239294,-0.00972978051398744
2024-07-30,-0.011085495694209947,-0.01104972538939116
2024-07-31,0.017926049057017935,0.024010128724364563
2024-08-01,-0.004288316681580206,-0.014403097518216824
2024-08-02,-0.00030038703377683863,-0.0006054386244336886
2024-08-05,-0.00046801037692398816,0.009816304738843401
2024-08-06,-0.0032038331099469635,-0.003556100718912569
2024-08-07,0.0028138143814181223,0.004645855085819758
2024-08-08,0.0025093146337652025,0.007239010866021168
2024-08-09,-0.003971236351412899,0.00023276053354699867
2024-08-12,0.0004354258944856081,0.0005277708102764539
2024-08-13,-0.0035495150946462713,-0.0073758191689851735
2024-08-14,0.002891623630076612,-0.0032814899702962278
2024-08-15,0.009858076550806318,0.01018003089688401
2024-08-16,0.003821219369754281,0.003213204033939369
2024-08-19,-0.0034034405513011182,-0.004342839371101973
2024-08-20,0.0008148967644706073,-0.0014139199891708017
2024-08-21,-0.006780033386016328,-0.004624885260865609
2024-08-22,0.010767858816428366,0.0025140079338166876
2024-08-23,0.002922388041079538,0.0029688071202533493
2024-08-26,-0.006072465900459368,-0.004692896226039269
2024-08-27,-0.005602876804477198,-0.005547162147333554
2024-08-28,-0.006236144537841893,-0.010191675859891695
2024-08-29,-0.0034301179455781933,0.00819800839453484
2024-08-30,0.003422697573673084,0.013815004393944038
2024-09-02,-0.004051802738534461,-0.019613206905824535
2024-09-03,0.0024867740415238765,0.006470804181367408
2024-09-04,-0.00012336153116732074,-0.004928663738898477
2024-09-05,0.003550663648051955,0.003306218105789669
2024-09-06,-0.006927906502106973,-0.0059468782715453765
2024-09-09,-0.010848708823420981,-0.014019693978080365
2024-09-10,0.0039751116381515844,0.00214487393774285
2024-09-11,-0.008889422344961585,-0.0035441818778920624
2024-09-12,-0.002749963703095704,-0.01764106886124205
2024-09-13,-0.00525949164644437,-0.015679824102827863
2024-09-18,-0.0008818468250865186,-0.012602641743332636
2024-09-19,0.003884136077610734,0.001653088842163052
2024-09-20,0.000231850860900451,-0.0011547205672825232
2024-09-23,0.008355244069709146,0.00549904760208959
2024-09-24,0.02950452596539811,0.05830917506741981
2024-09-25,0.014889777041346898,0.017075850033600667
2024-09-26,0.04430037575174836,0.07177456362397348
2024-09-27,0.026097627446670605,0.04963335928857074
2024-09-30,0.07047855520659159,0.07429448272856166
2024-10-08,0.020638442947109863,0.008000850105459957
2024-10-09,-0.07130991141624786,-0.07580931435964913
2024-10-10,0.026065847158524558,0.027677034156882167
2024-10-11,-0.020950834597626502,-0.022330261757736673
2024-10-14,0.007718391726273866,0.006096103575971214
2024-10-15,-0.02385610114086289,-0.027046132490975993
2024-10-16,-0.0054047531076823144,-0.012362960134966187
2024-10-17,-0.012768747107546743,-0.017140744283622236
2024-10-18,0.01771063838869469,0.025020122165156172
2024-10-21,-0.0050149269167882,-0.006240581578358353
2024-10-22,0.00868101259282893,0.008595985915600485
2024-10-23,0.003727587142262023,0.010433164378678283
2024-10-24,-0.008696203799394077,-0.01071507145114428
2024-10-25,-0.008788389046457878,-0.0003877327605011288
2024-10-28,0.007195087755382779,0.008137571708486484
2024-10-29,-0.007859201023021024,-0.014770791143747863
2024-10-30,-0.011820859745441848,-0.007308318142765793
2024-10-31,-0.013700671074149007,-0.010898107358988643
2024-11-01,0.010755213810763962,0.00631924749029706
2024-11-04,0.0033674739379780053,0.006227356422512391
2024-11-05,0.011185500011574843,0.01625360445085334
2024-11-06,-0.008417179554112197,-0.006085238010707174
2024-11-07,0.031334568533059784,0.04447210635631241
2024-11-08,-0.011909765915453221,-0.019528071005314354
2024-11-11,-0.00661172730904116,-0.008115984769907714
2024-11-12,-0.005101109937741611,-0.009072057881158002
2024-11-13,0.005429744728351383,0.002307107437984458
2024-11-14,-0.0036140515714681463,-0.0037563992043405975
2024-11-15,-0.010206953277965083,-0.010961822116938887
2024-11-18,0.001805792117736904,0.00037359392363292077
2024-11-19,-0.004016524389959798,-0.007142893402857924
2024-11-20,0.00756405004066263,0.006296124195586675
2024-11-21,-0.0011143107352651672,-0.0007311717622151195
2024-11-22,-0.026944700999722116,-0.026518855700102942
2024-11-25,-0.0017584230224251705,-0.005619873017591747
2024-11-26,0.003690919628652888,0.0065180812154538555
2024-11-27,0.014728928381252194,0.011796909515375499
2024-11-28,-0.010099770057339197,-0.006455309970675426
2024-11-29,0.007775310679448444,0.007875851676079657
2024-12-02,0.0028798803141345313,0.0011003543295512043
2024-12-03,0.006537045126119679,0.0025094181378050285
2024-12-04,0.0003645761726087547,-0.0031677746018355774
2024-12-05,-0.008131410635034853,-0.007097791419764301
2024-12-06,0.004171009634894496,0.006644087321143249
2024-12-09,0.0018158674745101134,-0.0003992932931901177
2024-12-10,0.0014458574592582044,0.010912916014228669
2024-12-11,-0.00011146045070136152,-0.0032751422146829164
2024-12-12,0.009020594323046438,0.014134058264557376
2024-12-13,-0.019201509242992753,-0.0252797686901585
2024-12-16,0.002213681750271856,-9.097801900423538e-05
2024-12-17,0.003819293153651804,0.01130810045378709
2024-12-18,0.005046876901429299,0.006774089651701425
2024-12-19,-0.006057000840858872,-0.008969223237083811
2024-12-20,-0.005752343236657343,-0.0040858978635087955
2024-12-23,0.005628164731390417,0.0042089579657752264
2024-12-24,0.010560762087821996,0.009472570908801303
2024-12-25,0.004582629577562636,-0.0005597660322536314
2024-12-26,-0.006380640425005312,-0.0038774300830127007
2024-12-27,0.001376203524034181,0.0010262361249980718
2024-12-30,-0.0022816692399699966,-0.001733444027195424
2024-12-31,-0.004617091103635252,-0.004465418053769067
2025-01-02,-0.015436982402135993,-0.01927674676927767
2025-01-03,-0.007684328950689312,-0.008776972002155877
2025-01-06,-0.0007636457444880848,-0.012517565754606361
2025-01-07,-0.00429210613460389,-0.0019005379702324815
2025-01-08,0.008660016203959132,0.003595427437792069
2025-01-09,-0.006423372206571354,-0.001028833134599034
2025-01-10,-0.0097997736365374,-0.008195522120900441
2025-01-13,-0.008868295427875926,-0.0017080487019581734
2025-01-14,0.017738459164904862,0.02057660503068205
2025-01-15,-0.00012023846212811946,8.670894193339891e-05
2025-01-16,-0.0059678280785439245,-0.01022784746691498
2025-01-17,-0.0007966088220470513,0.002072646187101301
2025-01-20,0.004391615198318422,0.00973162908615803
2025-01-21,-0.004303213570052968,-0.003266211529662725
2025-01-22,-0.013413164717421686,-0.017139709920443374
2025-01-23,0.007789416607246293,0.005379476056678275
2025-01-24,-0.0038067563418207723,-0.002759941829554399
2025-01-27,0.008225504755228564,0.002476424328682696
2025-02-05,-0.013234590782257773,-0.017236368599595195
2025-02-06,0.004300244779768304,0.00550507867925765
2025-02-07,0.0040325544040813455,0.01075525459529179
2025-02-10,-0.002568804756839516,-0.0017453528411267589
2025-02-11,-0.005485488686107998,-0.008071792762146602
2025-02-12,0.005406012013460315,0.012639168024382865
2025-02-13,0.004953917311846567,0.011335247019290366
2025-02-14,0.008678475871313308,0.00808671017143579
2025-02-17,-5.5743593297008336e-05,-0.0022834387707587594
2025-02-18,-0.0038462335468985257,-0.0018228477381632506
2025-02-19,-0.0009169924759017014,0.00411981608503383
2025-02-20,0.0023617023767847807,-0.00397862102222345
2025-02-21,-0.0012046020749394652,0.005389152412538756
2025-02-24,-0.004118449558525628,-0.004787262360700008
2025-02-25,-0.012480359057127789,-0.015278001137796223
2025-02-26,0.004997560419966219,0.004777724203714958
2025-02-27,0.010675449260926973,0.015732334575654715
2025-02-28,-0.007485801037811,-0.00147416139740109
2025-03-03,-0.006144088714175967,-0.006712794213888894
2025-03-04,-0.00022888763626476298,-0.005158329147807872
2025-03-05,0.004686264725680467,0.0008843643303649732
2025-03-06,0.005690470387448665,0.01684736114567765
2025-03-07,0.0008456797654548655,0.007232989085620811
2025-03-10,-0.0026059301316645137,-0.0031731344072231057
2025-03-11,0.0065798506099261755,0.01261620701632489
2025-03-12,-0.005417974652659685,-0.005962862494023724
2025-03-13,0.0029565474983123787,-0.00011284081732095604
2025-03-14,0.02400630295067488,0.043843597429858
2025-03-17,0.0015111710708306638,0.0031128817572519804
2025-03-18,-0.0038772937863432175,-0.005194180073826172
2025-03-19,0.009342480917185736,0.008425278746572541
2025-03-20,-0.010888747154488943,-0.015542999735752605
2025-03-21,-0.005722059080523879,-0.01510125547742941
2025-03-24,0.00397968249381152,0.004963870479120513
2025-03-25,0.007596830089678874,-0.0004498303121767403
2025-03-26,0.0003641704116822632,-0.0001335827020614785
2025-03-27,0.006859708493128713,0.008051759971982299
2025-03-28,0.005834748298851988,-0.00039063247954257917
2025-03-31,-0.00015387096578767213,-0.007342418852609716
2025-04-01,0.007151142442680236,0.0019158180556426078
2025-04-02,-0.002441051518178405,-0.0043963882841402185
2025-04-03,0.005608344007451882,0.008513427845030213
2025-04-07,-0.03723486695729032,-0.04206649392225418
2025-04-08,0.020488379709538318,0.026620107513281508
2025-04-09,-0.0017976299008325759,-0.002076315703395442
2025-04-10,0.005178227601495522,0.005659740034951621
2025-04-11,-0.002896424127190323,0.003999371816422923
2025-04-14,-0.00022045043463343392,-0.005741948538392754
2025-04-15,0.006268066448814091,0.004982835202693586
2025-04-16,0.007771148621611657,0.0043423151919558
2025-04-17,-0.0013605047689403964,0.00231422178831448
2025-04-18,-0.0022885410821488652,-0.0017935817773701492
2025-04-21,-0.004878763016724041,-0.006873740970085689
2025-04-22,0.004644506377138769,0.0027717149701530237
2025-04-23,-0.004799492084917134,-0.0009347608449812708
2025-04-24,0.0037825961289671976,0.0014610917341531225
2025-04-25,-0.0009062592149300274,-0.002462759297681424
2025-04-28,0.008383328573139405,0.005323635401604842
2025-04-29,-0.0032541003372920656,-0.004765210410952643
2025-04-30,-0.00042276384505333107,0.000390306867355109
2025-05-06,-0.003938368260599779,-6.074282075383352e-05
2025-05-07,0.009604629217642357,0.006801997014540593
2025-05-08,0.009072708915177174,0.012585845619083044
2025-05-09,0.011519436292110097,0.010691874519089577
2025-05-12,-0.0034355855695890505,0.0021605021352737357
2025-05-13,0.0011238095727302945,-0.002075544353471927
2025-05-14,0.0097579182515948,0.020226369996406448
2025-05-15,0.0027523438747013122,-0.00022782422699474774
2025-05-16,-0.006638158445243458,-0.009590241139902731
2025-05-19,-0.0005305308532500887,-0.011811595975057699
2025-05-20,0.010169642447660955,0.005793529867153355
2025-05-21,0.004908943109145447,0.0022451689707739283
2025-05-22,0.0026860613244722997,0.0008695304259123763
2025-05-23,-0.006380382267261854,-0.006481661851405589
2025-05-26,-0.008223032971962963,-0.011964491001189587
2025-05-27,0.0008819563216534549,-0.0006724321865559381
2025-05-28,0.0044605722177903815,0.00024220424818390755
2025-05-29,-0.00389226805868177,-2.1237562544595708e-05
2025-05-30,0.0028344465003593885,-0.004051907162915849
2025-06-03,-0.0034443899518698754,-0.003035167771763432
2025-06-04,-0.0009674491391750361,-0.0002178945768781757
2025-06-05,-0.005802168830148113,-0.002785387072779752
2025-06-06,6.947019348895194e-05,-0.0020055495843288884
2025-06-09,-0.00019603818984125236,-0.004340325279621616
2025-06-10,-0.0015539220088606198,-0.0032890674065742137
2025-06-11,-0.0002745212211634818,0.002045907382793055
2025-06-12,-0.0006006750434153776,-0.006959070146212961
2025-06-13,-0.00917043192729363,-0.017702611833463625
2025-06-16,-0.001220616162624777,-0.000680972213808219
2025-06-17,-0.003583028701401936,-0.0026727168908803225
2025-06-18,0.0046744364472312335,0.0017040791373465888
2025-06-19,-0.003068794681630638,-0.0023977905141026835
2025-06-20,0.0059946260202513825,0.006732147650264859
2025-06-23,-0.0035410579100946804,-0.001811778316482519
2025-06-24,0.004238726750263566,0.008188582742729062
2025-06-25,0.00782152644726405,0.0045700475695668544
2025-06-26,0.0002818586625904396,0.003115951951091513
2025-06-27,-0.010916266627260264,-0.012262270525297644
2025-06-30,-0.002331068521132862,-0.00033207463878999195
2025-07-01,0.009091622643568852,0.0032524813387085627
2025-07-02,0.0022219216847730763,0.004439146439285815
2025-07-03,0.0011528314266627704,0.0034259044256678395
2025-07-04,0.008186242987761072,0.009258246373550223
2025-07-07,-0.002312751979779948,-0.003950549711844731
2025-07-08,-0.000502786368125907,0.0029371833272056115
2025-07-09,0.006661950084730085,0.006807021813643639
2025-07-10,1.1905176765447835e-05,0.0029333297311162384
2025-07-11,-0.0033925265293461744,-0.002114644294520578
2025-07-14,0.005173930942529348,0.0028296616196148107
2025-07-15,-0.0020901569609545812,-0.0052771762642367685
2025-07-16,-0.002073359854044354,-0.001346944454668213
2025-07-17,0.003601610570293789,0.00341946445066271
2025-07-18,0.008646443454161634,0.01153488705876134
2025-07-21,-0.0024279151855161607,-0.002458217941557672
2025-07-22,0.01179042509611149,0.011280392035245345
2025-07-23,-0.0032161897899729897,0.0009120552953226333
2025-07-24,-0.00509080106538834,0.0021017548868756167
2025-07-25,-0.009767613394075992,-0.017348372134356204
2025-07-28,0.008075556986983513,0.003313038149493081
2025-07-29,0.001134847615578582,0.0009092596375835084
2025-07-30,0.005841065826027325,0.005552834720764852
2025-07-31,-0.013625792126066738,-0.016589412126823567
2025-08-01,-0.0021475477235835543,-0.004216972311004166
2025-08-04,0.003188306921494899,0.00365768273503958
2025-08-05,0.006852084020296357,0.007578677549883897
2025-08-06,-0.0017304426469747947,-0.002553182775329896
2025-08-07,0.00024104695977115185,-0.0005362238468784918
2025-08-08,0.000889862383051554,0.00010475353648362504
2025-08-11,-0.00031977541419295793,0.0072878025240996685
2025-08-12,-0.0003241264834215496,-0.002273912559953125
2025-08-13,-0.003096591119888337,-0.004911070534632839
2025-08-14,0.0017952863581989775,0.0019878772676242247
2025-08-15,-0.0021591133573040547,-0.0029895609299616377
2025-08-18,-0.000254707587655323,0.0029535975885125534
2025-08-19,-0.002478971799244512,0.0001649789991404184
2025-08-20,0.007340075710348226,0.008470648536065767
2025-08-21,0.004300454380390872,0.0015638448113930738
2025-08-22,0.004583554978022531,0.008234142410787227
2025-08-25,0.01371968476917096,0.01736851218520308
2025-08-26,-0.010088663111600615,-0.0069857172735356314
2025-08-27,-0.016124997649595695,-0.02108811361902126
2025-08-28,0.00017936975009563661,-0.0001429317970273904
2025-08-29,0.001972520813918687,0.013419237642702973
2025-09-01,-0.007399163436279244,-0.004600538695076765
2025-09-02,0.008353138947076412,0.008258253026318309
2025-09-03,-0.002883706937778862,-0.0026448541799593424
2025-09-04,-0.004861205522466461,-0.0077583752084618525
2025-09-05,0.007041822579903968,0.010001622004859047
2025-09-08,0.004244067074994706,0.0068796884779408485
2025-09-09,-0.0015320861089609282,-0.0010086384295935626
2025-09-10,-0.0021299848641628486,0.0027826740102263685
2025-09-11,0.0006841602438972023,4.2759314786110686e-05
2025-09-12,-0.009170128093025396,-0.0065951117914638925
2025-09-15,-0.0062213459226197814,-0.0036178416663516892
2025-09-16,-0.008975046031911281,-0.009242245914679604
2025-09-17,0.000546324938524845,-0.0008997825699574193
2025-09-18,-0.010985396289704097,-0.012424974441881578
2025-09-19,-0.00187202846128085,-0.0019106224778434667
2025-09-22,-0.004662343069555197,-0.006092996696990102
2025-09-23,0.00307330294496817,-0.0014793995119236477
2025-09-24,0.0018414092122230222,-0.0008257825728550906
2025-09-25,-0.001624948282316774,0.0006260954442905934
2025-09-26,0.001813735649213811,-0.003190960899396941
2025-09-29,-0.002209085168026104,0.006356012470314555
2025-09-30,-0.0018727506100898687,-0.003946942971021783
2025-10-09,0.0021030256032231404,-0.0023580673860937244
2025-10-10,-0.0016360146923248273,-0.006329822605630722
2025-10-13,0.0016700451496844966,-0.004729806491295633
2025-10-14,0.011331410887949322,0.013197584324898719
2025-10-15,0.005730467667537698,0.00803624081920022
2025-10-16,0.007101174738807858,0.010721108990807813
2025-10-17,-0.010181152993169997,-0.016395990187379573
2025-10-20,-0.004236590937972796,-3.2786280479223323e-05
2025-10-21,-0.004176695382463323,0.0008073249267481814
2025-10-22,-0.0017909982299912698,-0.0018046940386690297
2025-10-23,0.006138668491001688,0.006908305780525338
2025-10-24,-0.006741098547430602,-0.00820675741889472
2025-10-27,0.0019283845116127908,-0.0006397002714726333
2025-10-28,-0.003855561007656527,-0.0044875823283587035
2025-10-29,-0.006042090078286877,-0.007759740682524241
2025-10-30,-0.0032038151541046835,-0.004072298045240224
2025-10-31,0.00219969919649775,0.0030656485376454254
2025-11-03,0.0007496835030601054,0.002045728589792552
2025-11-04,0.0010477321503784454,-0.0020418908154169494
2025-11-05,-0.000395562388733395,-0.0035455552584054877
2025-11-06,0.0036605287943114575,0.0063548483101291695
2025-11-07,-0.0015818227466724124,-0.0015613138460174097
2025-11-10,0.012145470447436503,0.015852889496930145
2025-11-11,-0.0007210259640600514,-0.0019330449091440006
2025-11-12,0.002760799562483807,0.0038173077246166425
2025-11-13,-0.0013644061985520592,0.0029010835447434995
2025-11-14,-0.006243150816474774,-0.0066688678475442615
2025-11-17,-0.0040564698663353325,0.000397364002938899
2025-11-18,-0.0026551035930342916,0.0003211978997264826
2025-11-19,-0.0012748944779267803,-0.0022303941937485256
2025-11-20,0.0036501974237503677,8.316999069139395e-05
2025-11-21,-0.0031288748958952727,-0.0036461889636904728
2025-11-24,-0.0026240171818190505,-0.0064591419833793205
2025-11-25,0.003784721254326661,0.0011206544918778893
2025-11-26,0.0003653876824780025,0.0027148564682149498
2025-11-27,0.003379864949186329,0.0002532585374233087
2025-11-28,-0.004352935203112284,-0.0015459505759748365
2025-12-01,0.001799908342206924,0.0006337723795089994
2025-12-02,-0.0040998993241259,-0.00616292435238193
2025-12-03,0.00039402243425985524,-0.004057393012038732
2025-12-04,-0.005242965582451509,-0.003784008099999767
2025-12-05,-0.0018739038482156198,0.0018765873328207402
2025-12-08,-0.00497527539669359,-0.005316028866399089
2025-12-09,-0.007149479979177343,-0.009047946218110422
2025-12-10,0.003879527696333063,0.0013633615566419574
2025-12-11,-0.0006849818001202103,0.0035007801454275604
2025-12-12,0.004329606970292299,0.003884950658436365
2025-12-15,-0.00348636244667212,-0.0008376678136916454
2025-12-16,-0.006322331498455502,-0.006205855741374909
2025-12-17,0.003745554442496979,0.00648626094970292
2025-12-18,0.004288883245849574,0.001932009679865233
2025-12-19,0.0008522331444587583,0.0029006299151340055
2025-12-22,-0.006920712324008305,-0.0031676254048276266
2025-12-23,-0.00013825668201852218,0.0009608413489956619
2025-12-24,-0.002604204634455554,-0.004144906398456075
2025-12-25,0.002856930124574275,0.006224118088308473
2025-12-26,-0.003124880759322202,-0.0016629293004096065
2025-12-29,-0.004596527934589423,-0.0051648155425035895
2025-12-30,-0.007372186499011535,-0.00836195752510058
2025-12-31,-0.00485840206106869,-0.0074811675941693955
2026-01-05,0.013689540563092574,0.02537355966183207
2026-01-06,0.0035088733486741907,0.0035527409877081887
2026-01-07,-0.004584167587724852,-0.0033980667046086023
2026-01-08,-0.0030771177543301048,-0.006517819977240304
2026-01-09,0.0004544964023361018,0.00224783701574214
2026-01-12,0.0030639528527459216,0.003624134104897061
2026-01-13,0.0013239091478457476,-0.0026483837327743185
2026-01-14,-0.009761380435845748,-0.011085030527025242
2026-01-15,-0.006157733692049061,-0.0066267123606393325
2026-01-16,-0.005984670082576626,-0.006982405828630453
2026-01-19,-0.0009340669563525195,-0.0034587902347007872
2026-01-20,0.004514184221307238,0.0009392567237367546
2026-01-21,-0.013098872307631883,-0.01549361290353562
2026-01-22,-0.004818303552553216,-0.007106675430388024
2026-01-23,-0.006220916338276295,-0.004809449659428146
2026-01-26,-0.0036384119109777015,-0.002385758320148303
2026-01-27,-0.009003741868481884,-0.004856550140536886
2026-01-28,-0.01029457277185386,-0.011876362009155057
2026-01-29,0.037450030377944414,0.06024038552730072
2026-01-30,-0.017071149170282254,-0.021036800514208445
2026-02-02,0.005118237492087431,0.009560805917548413
2026-02-03,0.003393752676515527,0.017120759021974068
2026-02-04,0.016135777507131552,0.022853439577865807
2026-02-05,0.014552339169063132,0.014832965291650513
2026-02-06,-0.007587271044212964,-0.016399949732711153
2026-02-09,0.0021457871062312683,0.004142207220187268
2026-02-10,-0.0023017132805494334,-0.006193219301562456
2026-02-11,0.0011264999162403312,0.0007226368761920491
2026-02-12,-0.008024733202902557,-0.010446514367234006
2026-02-13,-0.0011413510696901997,-0.0008142977172584539
2026-02-24,-0.0010275914393984345,-0.007338311734956362
2026-02-25,-0.0005793164617962422,0.007136563512398837
2026-02-26,-0.0076194188890952195,-0.012688499556455774
2026-02-27,0.002830709377117302,-0.0025830393005212135
2026-03-02,-0.004836881039731011,-0.008512006160428487
2026-03-03,-0.0006480829626660859,-0.005315989416356617
2026-03-04,-0.007777024224953521,-0.012907777493108273
2026-03-05,0.005216758379493957,0.003884049312550573
2026-03-06,0.010037595407454481,0.007577826023000215
2026-03-09,-0.00392765378384714,-0.0050544598833591435
2026-03-10,0.010189299966669552,0.0076974350035681725
2026-03-11,0.00480346821198161,0.00134807437877803
2026-03-12,0.001734337289107291,-0.0019210626632963667
2026-03-13,0.0038255597599085815,0.00819377632308261
2026-03-16,0.007476862756968862,0.01873937959088745
2026-03-17,0.006130964624896174,0.011131349503980887
2026-03-18,-0.003922038057962041,-0.0063450633121343745
2026-03-19,-0.006991406349515972,-0.009661713250874511
2026-03-20,-0.0057464861589100365,-0.005746071523318947
2026-03-23,-0.031080750609941178,-0.02811577528410477
2026-03-24,0.01678807414459573,0.009289308213833124
2026-03-25,0.0073399646434368915,0.004788763437975644
2026-03-26,-0.005599240308776299,-0.007789507423783391
2026-03-27,0.005583129371904672,0.010657175816659691
2026-03-30,0.0006630790745442596,0.0023259294516628703
2026-03-31,-0.0024197568379134894,0.008454337770470655
2026-04-01,0.00816181725667743,0.009264121603361283
2026-04-02,0.0006149123391708588,1.0727591349440533e-06
2026-04-03,-0.008885466980187974,-0.0068500402193837785
2026-04-07,-0.007983838222179074,-0.010275847323592803
2026-04-08,0.010804083750088334,0.015147215670152089
2026-04-09,-0.009695621293628921,-0.007114275852638753
2026-04-10,-0.0039022890396066662,-0.003851421039888551
2026-04-13,-0.007191961276576709,-0.00816677532584898
2026-04-14,0.0034340741227101403,0.004506982748535349
2026-04-15,0.010134007671262157,0.012578726617225462
2026-04-16,-0.0023508890878992444,-0.002876353275873905
2026-04-17,-0.010256665983358261,-0.02448214838759296
2026-04-20,0.0026529588485444846,0.0021761552603635228
2026-04-21,0.006148824518296193,0.0015779920902677584
2026-04-22,-0.006786188159513031,-0.004463937441013479
2026-04-23,0.007353586863461559,0.006821320652117669
2026-04-24,-3.722076888480465e-05,0.011881946429139435
2026-04-27,-0.008241522970838067,-0.021229416764904054
2026-04-28,0.004144563490245733,0.001785006197904854
2026-04-29,0.0037691421959294646,0.00020328432627083647
2026-04-30,-0.00551629564518389,-0.010778082600337682
2026-05-06,-0.009715556768211356,-0.010754502102862017
2026-05-07,-0.0008865909657204797,-0.001491961855608815
2026-05-08,-0.003173641635464908,-0.002053751131542729
2026-05-11,0.003520962875987222,-0.0019418253387261755
2026-05-12,0.0004797415006291166,0.0003847084646017026
2026-05-13,-0.00485772875996765,-0.006423471664470718
2026-05-14,-0.004141760857177179,-0.00428744463387588
2026-05-15,-0.006104982374336298,-0.007137233281741282
2026-05-18,-0.015074509812615842,-0.012093759363723323
2026-05-19,0.0064489483701475215,0.0022762113129550197
2026-05-20,-0.00998575313971273,-0.009527153459761295
2026-05-21,-0.002992276775723912,-0.0024687586957118195
2026-05-22,-0.008846691890702352,-0.011853575999584984
2026-05-25,-0.00011761970328226816,-0.0018729246625183518
2026-05-26,0.003304878616750017,-0.002808206930816634
2026-05-27,0.007615366180988358,0.015423972534795329
2026-05-28,-0.020866600301401816,-0.01999584011640723
2026-05-29,0.034571163109526286,0.037176262161239836
2026-06-01,0.0047927182029942296,-0.006510812958603904
2026-06-02,-0.0032930387714263268,-0.001738162602167942
2026-06-03,-0.008724785608466956,-0.013805010673242132
2026-06-04,-0.014574671472430115,-0.01250280709365436
2026-06-05,-0.003999064425163813,0.0021215671335212986
2026-06-08,-0.009292817125856823,-0.008815496476923814
2026-06-09,-0.003235179799121469,-0.003557200970237024
2026-06-10,0.007109327674176902,0.012335829493648308
2026-06-11,0.0028190297068653837,0.002806887398534973
2026-06-12,0.012798053305240443,0.012360639253267424
2026-06-15,-0.013699545949923031,-0.01528917122257892
2026-06-16,-0.014340014355317723,-0.01280724829094456
2026-06-17,-0.009787487375506566,-0.010985564081201823
2026-06-18,-0.01417640527003593,-0.01567860031215813
2026-06-22,0.009718120481612857,0.016954338124767678
2026-06-23,-0.002074033190849634,-0.009582948300327274
2026-06-24,-0.01566300979479094,-0.012519349045859976
2026-06-25,-0.0036962650636722105,-9.542415301525995e-08
2026-06-26,-0.011483853694654402,-0.013042117479288873
2026-06-29,0.027044574488685958,0.02606542277091194
2026-06-30,-0.016544710810760376,-0.01140310005717277
2026-07-01,0.016489395330811885,0.010992325633344227
2026-07-02,0.009700916882831255,0.007637366546316787
2026-07-03,0.003145064177317669,-0.000898996698247428
2026-07-06,0.014731272067856849,0.013782406591384662
2026-07-07,-0.011347035722344932,-0.014127115631949927
2026-07-08,0.004016535452392822,0.003923975077589951
2026-07-09,-0.0011556200417356837,-0.004080495006819026
2026-07-10,0.01240953351012294,0.01471799310219682
2026-07-13,0.014880354096498417,0.0070754396987300905
2026-07-14,0.005320096811137832,0.002427164241504637
2026-07-15,0.023039276701826504,0.02806132899023417
2026-07-16,0.006885052314696427,0.0008058436493823238
2026-07-17,-0.00028623370798553944,-0.006086850772219462
2026-07-20,0.02399824271133559,0.04274952176544125
2026-07-21,-0.00572434681462688,-0.012340629839512464
2026-07-22,0.00319126874596074,0.0026341929806376436
2026-07-23,-0.00738541876216895,-0.00669422513625965
2026-07-24,-0.014087651436732396,-0.004716212336363433
2026-07-27,0.0004200179491509414,-0.0028895909534353767
2026-07-28,0.008371405736593396,0.01586318223327958
2026-07-29,0.00866201378131055,0.004240342986612682
2026-07-30,0.02553773822585781,0.02732837229780106
2026-07-31,-0.007307600633617505,-0.007768089474916345
2026-08-03,-0.006607369917628903,-0.00039201139654883386
2026-08-04,-0.01402167474800381,-0.017703732802174965
2026-08-05,-0.01147199485420074,-0.013051118820733665
2026-08-06,-0.0034211454732469785,-0.002271825586121853
2026-08-07,0.0025065465997531453,0.0038214548497952044
2026-08-10,0.00930243305302968,0.01681224923919613
2026-08-11,-0.0016221476667074854,-0.0015497535001541504
2026-08-12,-0.007448997684067472,-0.005050238484554631
2026-08-13,-0.0024013174594125558,0.0031039439696707413
2026-08-14,-0.010754686098647492,-0.011126651909905439
2026-08-17,-0.006172335747651449,-0.019914388467431588
2026-08-18,-0.00034867680418883,0.0018437373903669439
2026-08-19,0.011224293777127681,0.010166067946456143
2026-08-20,-0.004938996920432892,-0.01192209975582016
2026-08-21,-0.01562905804956548,-0.014512067235970953
2026-08-24,0.0032639786211734463,0.012607345994933876
2026-08-25,0.0003526351457736271,-0.0017290482757619555
2026-08-26,0.004937859889295815,0.0024820350137018166
2026-08-27,-0.006656913091458361,-0.0064790755287943425
2026-08-28,-0.006238077114990926,-0.003402261606429245
2026-08-31,-0.0057058884738844465,-0.001969134504866672
2026-09-01,0.008528053678075931,0.005456589226234683
2026-09-02,-0.0016062708372423966,-0.002354398235267793
2026-09-03,0.0005951540950512314,0.001287762474315294
2026-09-04,0.009528784010364133,0.016004902304764174
2026-09-07,-0.0059920979252094395,-0.007856756480063764
2026-09-08,-0.002518346841519781,-0.0033399086730376316
2026-09-09,-0.0019918210671651454,-0.00782078423600373
2026-09-10,-0.004340654459725791,-0.004677412955693122
2026-09-11,-0.003982179092130056,-0.006112691514200439
2026-09-14,0.005250846573576151,0.0028413222801938107
2026-09-15,-0.0055547577582489415,-0.005457975500387437
2026-09-16,-0.00488715216739386,-0.007367869364257464
