代码,简称,起始日,截止日,价格行数,重复日期,未复权价缺失,复权价缺失,市值缺失,成交额缺失
601166,兴业银行,2020-12-31,2026-09-16,1385,0,0,0,0,0
601009,南京银行,2020-12-31,2026-09-16,1385,0,0,0,0,0
600519,贵州茅台,2020-12-31,2026-09-16,1385,0,0,0,0,0
000858,五粮液,2020-12-31,2026-09-16,1385,0,0,0,0,0
000651,格力电器,2020-12-31,2026-09-16,1385,0,0,0,0,0
002032,苏泊尔,2020-12-31,2026-09-16,1385,0,0,0,0,0
600886,国投电力,2020-12-31,2026-09-16,1385,0,0,0,0,0
600025,华能水电,2020-12-31,2026-09-16,1385,0,0,0,0,0
600276,恒瑞医药,2020-12-31,2026-09-16,1385,0,0,0,0,0
600436,片仔癀,2020-12-31,2026-09-16,1385,0,0,0,0,0
