日期,股票,代码,复权日收益率,不复权价格变动,调整比率变动,超过10.5%
2022-10-24,片仔癀,600436,-0.10001554243083621,-0.10001554243083621,0.0,False
2022-04-25,恒瑞医药,600276,-0.10000000000000009,-0.09999999999999998,0.0,False
2023-05-04,格力电器,000651,-0.09964412811387913,-0.09964412811387902,0.0,False
2021-09-27,贵州茅台,600519,0.0950413223140496,0.0950413223140496,0.0,False
2023-12-29,兴业银行,601166,0.099728629579376,0.09972862957937578,0.0,False
2021-09-22,国投电力,600886,0.09980620155038755,0.09980620155038755,0.0,False
2024-09-26,五粮液,000858,0.10000000000000009,0.10000000000000009,0.0,False
2021-10-22,苏泊尔,002032,0.10006597756762714,0.10006597756762714,0.0,False
2021-03-03,南京银行,601009,0.10034207525655647,0.10034207525655647,0.0,False
2021-03-12,华能水电,600025,0.10097087378640768,0.10097087378640768,0.0,False
