代码,简称,行业,完整分类,上市日期,分类日期,选股理由
601166,兴业银行,金融,金融-银行-股份制与城商行,2007-02-05,2026-09-27,全国性银行，与区域银行比较，优先使用行情覆盖完整的样本
601009,南京银行,金融,金融-银行-股份制与城商行,2007-07-19,2026-09-27,区域银行，与兴业银行构成同行业比较
600519,贵州茅台,食品饮料,食品饮料-饮料-白酒,2001-08-27,2026-09-27,白酒品牌企业，代表消费品商业模式
000858,五粮液,食品饮料,食品饮料-饮料-白酒,1998-04-27,2026-09-27,白酒品牌企业，与贵州茅台构成同行业比较
000651,格力电器,家电,家电-白色家电-白色家电,1996-11-18,2026-09-27,耐用消费品制造企业，关注制造业风险
002032,苏泊尔,家电,家电-小家电-小家电,2004-08-17,2026-09-27,厨房电器企业，比较家电行业内部差异
600886,国投电力,公用事业,公用事业-电力-水电,1996-01-18,2026-09-27,电力运营企业，与华能水电比较，优先使用行情覆盖完整的样本
600025,华能水电,公用事业,公用事业-电力-水电,2017-12-15,2026-09-27,水电运营企业，与国投电力构成同行业比较
600276,恒瑞医药,医药生物,医药生物-化学制药-化学制剂,2000-10-18,2026-09-27,药品研发生产企业，代表医药业务
600436,片仔癀,医药生物,医药生物-中药生产-中药生产,2003-06-16,2026-09-27,中药企业，与其他行业及医药企业比较
