,简称,有效观测数,日均值,日标准差,最小值,中位数,最大值,偏度,超额峰度,累计收益,几何年化收益,年化波动率
601166,兴业银行,1384,0.0002440620135633895,0.015621830090528949,-0.08513263417643435,-0.000529803146202712,0.099728629579376,0.21966220124391514,3.9113645028062445,0.18449048054913897,0.03130873731849948,0.24798886465947143
601009,南京银行,1384,0.0006040657809826446,0.01466416502173939,-0.09912280701754395,0.0,0.10034207525655647,0.006589996041152297,4.7430794064770145,0.9880236109900284,0.13327907412995477,0.23278640299160702
600519,贵州茅台,1384,-7.569436765325717e-05,0.017167427421204296,-0.07556650246305419,-0.0009512969128060988,0.0950413223140496,0.5843096963534341,4.332223955377473,-0.2646790527016879,-0.05444238317950145,0.2725244616435448
000858,五粮液,1384,-0.0006871449467044891,0.020863594155804892,-0.09978665041145995,-0.0021009255345003086,0.10000000000000009,0.4467220419047102,3.730248505799195,-0.7138717062502844,-0.2037488202936224,0.331199289547442
000651,格力电器,1384,5.939476728381968e-05,0.015398404863800234,-0.09964412811387913,-0.0007950753362322982,0.09644344761294432,0.27200099302503805,4.834771168750892,-0.07820945163031401,-0.014718774263599244,0.24444209914021703
002032,苏泊尔,1384,-0.0001258663024953158,0.017618661924263646,-0.08535438992291777,-0.000672179234141812,0.10006597756762714,0.5764288132574236,4.066444257978038,-0.32138000243097786,-0.06815769054070364,0.27968758731194593
600886,国投电力,1384,0.0006251936527745619,0.016420344482949677,-0.08657243816254412,0.0,0.09980620155038755,0.44969236067363466,4.552258423133866,0.9729155147530328,0.1317060209316432,0.260664887663378
600025,华能水电,1384,0.0008116251276207054,0.016942847129599252,-0.09953161592505833,0.0,0.10097087378640768,0.9826148011448811,7.987607477658395,1.5257757786612363,0.18377296213761474,0.26895936003782495
600276,恒瑞医药,1384,-0.0003034344129432649,0.02140324002249078,-0.10000000000000009,-0.001570739547410771,0.09999999999999987,0.37176762557617876,2.8999862717345026,-0.5208436309964265,-0.12537677622021937,0.3397659021032106
600436,片仔癀,1384,-0.00034216504077423866,0.02097363210646382,-0.10001554243083621,-0.0018207355657030577,0.10000425550023406,0.17651442720873578,5.037214533942242,-0.5405940559547253,-0.13205451897520448,0.3329460878607783
