简称,跨来源价格最大差/元,市值与价乘股数最大相对差,成交额最小值/元,成交额最大值/亿元,非正成交额天数
兴业银行,0.0,2.220446049250313e-16,297789000.0,82.859661,0
南京银行,0.0,2.220446049250313e-16,49271899.99999999,37.34365300000001,0
贵州茅台,0.0,2.220446049250313e-16,1445537300.0,351.14075,0
五粮液,0.0,2.220446049250313e-16,674597100.0000001,222.18231,0
格力电器,0.0,2.220446049250313e-16,367412200.0,108.603368,0
苏泊尔,0.0,2.220446049250313e-16,23733500.0,6.965089,0
国投电力,0.0,2.220446049250313e-16,57861200.0,26.77843,0
华能水电,0.0,2.220446049250313e-16,51710200.00000001,17.145489,0
恒瑞医药,0.0,2.220446049250313e-16,548157600.0,138.32346399999997,0
片仔癀,0.0,2.220446049250313e-16,137367100.0,62.65181,0
