,简称,首日权重,平均权重,最小权重,最大权重,末日权重
601166,兴业银行,0.07897324737867718,0.09409961040781384,0.06902161926386788,0.13353994805318342,0.1151597864212053
601009,南京银行,0.014728191746691441,0.026388706119854586,0.013312492303180738,0.04614731970144607,0.045652636819458275
600519,贵州茅台,0.4571797068504688,0.4962146034202074,0.4416729535063234,0.5565483041469759,0.48313662966792303
000858,五粮液,0.20635015760980807,0.14613401243394747,0.08134725226340296,0.22055384120209257,0.08215480126447974
000651,格力电器,0.06787237287094305,0.0547577688343379,0.03907435205815698,0.07026052203046859,0.0651454821395063
002032,苏泊尔,0.011664331884535504,0.01008520772311467,0.007684945541314452,0.012409646096478077,0.009684423136247707
600886,国投电力,0.010962831747671806,0.023416122331803083,0.008699455257726,0.03814055637294545,0.03531734179600751
600025,华能水电,0.0146231453326648,0.03582568430678808,0.01240136061972291,0.0593286608647718,0.05533064262596824
600276,恒瑞医药,0.10824792101107367,0.07665387915674801,0.042463937331831104,0.12088140933686362,0.08692663156558135
600436,片仔癀,0.02939809356746556,0.03642440526538494,0.020617751468354286,0.059710206135468784,0.021491624563622524
